,DOM,delay
1,2,0
2,2,0
3,2,0
4,2,-1
5,2,-1
6,2,-1
7,2,-1
8,2,0
9,2,0
10,2,-1
11,2,-1
12,2,-1
13,2,-1
14,2,0
15,2,0
16,2,0
17,2,-1
18,2,-1
19,2,-1
20,2,-1
21,2,-1
22,2,0
23,2,0
24,2,-1
25,2,-1
26,2,-1
27,2,-1
28,2,0
29,2,0
30,2,0
31,2,-1
32,2,-1
33,2,-1
34,2,-1
35,2,0
36,2,0
37,2,0
38,2,-1
39,2,-1
40,2,-1
41,2,0
42,2,0
43,2,0
44,2,-1
45,2,-1
46,2,-1
47,2,-1
48,2,0
49,2,0
50,2,0
51,2,0
52,2,-1
53,2,-1
54,2,-1
55,2,0
56,2,0
57,2,0
58,2,-1
59,2,-1
60,2,-1
61,2,0
62,2,0
63,2,0
64,2,0
65,2,-1
66,2,-1
67,2,-1
68,2,-1
69,2,0
70,2,0
71,2,0
72,2,-1
73,2,-1
74,2,-1
75,2,0
76,2,0
77,2,0
78,2,0
79,2,-1
80,2,-1
81,2,-1
82,2,0
83,2,0
84,2,0
85,2,0
86,2,-1
87,2,-1
88,2,-1
89,2,0
90,2,0
91,2,0
92,2,0
93,2,-1
94,2,-1
95,2,-1
96,2,0
97,2,0
98,2,0
99,2,0
100,2,-1
101,2,-1
102,2,-1
103,2,-1
104,2,0
105,2,0
106,2,0
107,2,-1
108,2,-1
109,2,-1
110,2,-1
111,2,0
112,2,0
113,2,0
114,2,-1
115,2,-1
116,2,-1
117,2,0
118,2,0
119,2,0
120,2,0
121,2,-1
122,2,-1
123,2,-1
124,2,-1
125,2,0
126,2,0
127,2,0
128,2,-1
129,2,-1
130,2,-1
131,2,0
132,2,0
133,2,0
134,2,0
135,2,0
136,2,-1
137,2,-1
138,2,-1
139,2,0
140,2,0
141,2,0
142,2,-1
143,2,-1
144,2,-1
145,2,-1
146,2,0
147,2,0
148,2,-1
149,2,0
150,2,-1
151,2,-1
152,2,-1
153,2,-1
154,2,-1
155,2,-1
156,2,-1
157,2,-1
158,2,0
159,2,-1
160,2,0
161,2,-1
162,2,0
163,2,-1
164,2,0
165,2,-1
166,2,0
167,2,-1
168,2,0
169,2,-1
170,2,0
171,2,-1
172,2,0
173,2,-1
174,2,0
175,2,-1
176,2,-1
177,2,-1
178,2,-1
179,2,0
180,2,-1
181,2,0
182,2,-1
183,2,0
184,2,-1
185,2,0
186,2,-1
187,2,0
188,2,-1
189,2,0
190,2,-1
191,2,0
192,2,-1
193,2,0
194,2,-1
195,2,0
196,2,-1
197,2,0
198,2,-1
199,2,0
200,2,-1
201,2,0
202,2,-1
203,2,0
204,2,-1
205,2,-1
206,2,-1
207,2,0
208,2,0
209,2,-1
210,2,0
211,2,-1
212,2,0
213,2,-1
214,2,0
215,2,-1
216,2,0
217,2,-1
218,2,0
219,2,-1
220,2,0
221,2,-1
222,2,0
223,2,-1
224,2,0
225,2,-1
226,2,0
227,2,-1
228,2,0
229,2,-1
230,2,-1
231,2,-1
232,2,-1
233,2,-1
234,2,-1
235,2,-1
236,2,-1
237,2,-1
238,2,-1
239,2,-1
240,2,-1
241,2,0
242,2,-1
243,2,0
244,2,-1
245,2,0
246,2,-1
247,2,0
248,2,-1
249,2,0
250,2,-1
251,2,0
252,2,-1
253,2,0
254,2,-1
255,2,0
256,2,-1
257,2,0
258,2,-1
259,2,0
260,2,-1
261,2,0
262,2,-1
263,2,0
264,2,-1
265,2,0
266,2,0
267,2,-1
268,2,0
269,2,-1
270,2,0
271,2,-1
272,2,0
273,2,-1
274,2,0
275,2,-1
276,2,0
277,2,-1
278,2,0
279,2,-1
280,2,0
281,2,-1
282,2,0
283,2,-1
284,2,0
285,2,-1
286,2,0
287,2,-1
288,2,0
289,2,-1
290,2,0
291,2,-1
292,2,0
293,2,-1
294,2,0
295,2,-1
296,2,-1
297,2,-1
298,2,-1
299,2,-1
300,2,-1
301,2,-1
302,2,-1
303,2,0
304,2,-1
305,2,0
306,2,-1
307,2,0
308,2,-1
309,2,0
310,2,-1
311,2,0
312,2,-1
313,2,0
314,2,-1
315,2,0
316,2,-1
317,2,0
318,2,-1
319,2,0
320,2,-1
321,2,0
322,2,-1
323,2,0
324,2,-1
325,2,0
326,2,-1
327,2,0
328,2,-1
329,2,0
330,2,-1
331,2,0
332,2,-1
333,2,0
334,2,-1
335,2,-1
336,2,0
337,2,-1
338,2,0
339,2,-1
340,2,0
341,2,-1
342,2,0
343,2,-1
344,2,0
345,2,-1
346,2,0
347,2,-1
348,2,0
349,2,-1
350,2,0
351,2,-1
352,2,0
353,2,-1
354,2,0
355,2,-1
356,2,0
357,2,-1
358,2,0
359,2,-1
360,2,0
361,2,-1
362,2,0
363,2,-1
364,2,0
365,2,-1
366,2,0
367,2,-1
368,2,-1
369,2,-1
370,2,-1
371,2,-1
372,2,-1
373,2,0
374,2,-1
375,2,0
376,2,-1
377,2,0
378,2,-1
379,2,0
380,2,-1
381,2,0
382,2,-1
383,2,0
384,2,-1
385,2,0
386,2,-1
387,2,0
388,2,-1
389,2,0
390,2,-1
391,2,0
392,2,-1
393,2,0
394,2,-1
395,2,0
396,2,-1
397,2,0
398,2,-1
399,2,0
400,2,-1
401,2,0
402,2,-1
403,2,0
404,2,-1
405,2,0
406,2,-1
407,2,0
408,2,-1
409,2,0
410,2,-1
411,2,0
412,2,-1
413,2,0
414,2,-1
415,2,0
416,2,-1
417,2,0
418,2,-1
419,2,0
420,2,-1
421,2,0
422,2,-1
423,2,0
424,2,-1
425,2,0
426,2,-1
427,2,0
428,2,0
429,2,0
430,2,0
431,2,-1
432,2,-1
433,2,-1
434,2,0
435,2,-1
436,2,0
437,2,-1
438,2,0
439,2,-1
440,2,0
441,2,-1
442,2,0
443,2,-1
444,2,0
445,2,-1
446,2,0
447,2,-1
448,2,0
449,2,-1
450,2,0
451,2,-1
452,2,0
453,2,-1
454,2,0
455,2,-1
456,2,0
457,2,-1
458,2,0
459,2,-1
460,2,0
461,2,-1
462,2,0
463,2,-1
464,2,0
465,2,-1
466,2,0
467,2,-1
468,2,0
469,2,-1
470,2,0
471,2,-1
472,2,0
473,2,-1
474,2,0
475,2,-1
476,2,0
477,2,-1
478,2,0
479,2,-1
480,2,0
481,2,-1
482,2,0
483,2,-1
484,2,0
485,2,-1
486,2,0
487,2,-1
488,2,0
489,2,-1
490,2,0
491,2,-1
492,2,0
493,2,-1
494,2,0
495,2,-1
496,2,0
497,2,-1
498,2,0
499,2,-1
500,2,-1
501,2,-1
502,2,0
503,2,-1
504,2,-1
505,2,-1
506,2,-1
507,2,0
508,2,0
509,3,-16
510,3,-16
511,3,-16
512,3,-16
513,3,-17
514,3,-17
515,3,-17
516,3,-16
517,3,-16
518,3,-16
519,3,-16
520,3,-16
521,3,-17
522,3,-16
523,3,-16
524,3,-16
525,3,-16
526,3,-17
527,3,-17
528,3,-17
529,3,-17
530,3,-16
531,3,-16
532,3,-16
533,3,-17
534,3,-17
535,3,-17
536,3,-16
537,3,-16
538,3,-16
539,3,-16
540,3,-17
541,3,-17
542,3,-17
543,3,-16
544,3,-16
545,3,-16
546,3,-16
547,3,-17
548,3,-17
549,3,-16
550,3,-16
551,3,-16
552,3,-16
553,3,-16
554,3,-16
555,3,-17
556,3,-16
557,3,-16
558,3,-16
559,3,-16
560,3,-16
561,3,-17
562,3,-17
563,3,-16
564,3,-16
565,3,-16
566,3,-16
567,3,-16
568,3,-17
569,3,-16
570,3,-16
571,3,-16
572,3,-16
573,3,-16
574,3,-16
575,3,-17
576,3,-17
577,3,-16
578,3,-16
579,3,-16
580,3,-16
581,3,-16
582,3,-17
583,3,-16
584,3,-16
585,3,-16
586,3,-16
587,3,-16
588,3,-16
589,3,-17
590,3,-16
591,3,-16
592,3,-16
593,3,-16
594,3,-16
595,3,-16
596,3,-17
597,3,-16
598,3,-16
599,3,-16
600,3,-16
601,3,-16
602,3,-16
603,3,-17
604,3,-16
605,3,-16
606,3,-16
607,3,-16
608,3,-16
609,3,-17
610,3,-17
611,3,-17
612,3,-16
613,3,-16
614,3,-16
615,3,-16
616,3,-17
617,3,-17
618,3,-17
619,3,-16
620,3,-16
621,3,-16
622,3,-16
623,3,-16
624,3,-17
625,3,-16
626,3,-16
627,3,-16
628,3,-16
629,3,-16
630,3,-16
631,3,-17
632,3,-17
633,3,-16
634,3,-16
635,3,-16
636,3,-16
637,3,-16
638,3,-17
639,3,-16
640,3,-16
641,3,-16
642,3,-16
643,3,-16
644,3,-16
645,3,-17
646,3,-17
647,3,-16
648,3,-16
649,3,-16
650,3,-16
651,3,-16
652,3,-17
653,3,-17
654,3,-16
655,3,-16
656,3,-17
657,3,-16
658,3,-17
659,3,-16
660,3,-17
661,3,-16
662,3,-17
663,3,-16
664,3,-17
665,3,-16
666,3,-16
667,3,-16
668,3,-16
669,3,-17
670,3,-16
671,3,-17
672,3,-16
673,3,-17
674,3,-16
675,3,-17
676,3,-16
677,3,-17
678,3,-16
679,3,-17
680,3,-16
681,3,-17
682,3,-16
683,3,-17
684,3,-16
685,3,-17
686,3,-16
687,3,-16
688,3,-16
689,3,-16
690,3,-16
691,3,-16
692,3,-16
693,3,-16
694,3,-16
695,3,-16
696,3,-16
697,3,-16
698,3,-16
699,3,-16
700,3,-16
701,3,-16
702,3,-17
703,3,-16
704,3,-17
705,3,-16
706,3,-17
707,3,-16
708,3,-17
709,3,-16
710,3,-17
711,3,-16
712,3,-17
713,3,-16
714,3,-17
715,3,-16
716,3,-16
717,3,-16
718,3,-16
719,3,-16
720,3,-16
721,3,-16
722,3,-16
723,3,-16
724,3,-16
725,3,-16
726,3,-16
727,3,-16
728,3,-16
729,3,-17
730,3,-16
731,3,-17
732,3,-16
733,3,-17
734,3,-16
735,3,-17
736,3,-16
737,3,-17
738,3,-16
739,3,-17
740,3,-16
741,3,-17
742,3,-16
743,3,-17
744,3,-16
745,3,-17
746,3,-16
747,3,-17
748,3,-16
749,3,-16
750,3,-16
751,3,-16
752,3,-16
753,3,-16
754,3,-16
755,3,-16
756,3,-16
757,3,-16
758,3,-16
759,3,-16
760,3,-16
761,3,-16
762,3,-17
763,3,-16
764,3,-17
765,3,-16
766,3,-17
767,3,-16
768,3,-17
769,3,-16
770,3,-17
771,3,-16
772,3,-17
773,3,-16
774,3,-16
775,3,-16
776,3,-16
777,3,-16
778,3,-16
779,3,-16
780,3,-16
781,3,-16
782,3,-16
783,3,-16
784,3,-16
785,3,-16
786,3,-16
787,3,-17
788,3,-16
789,3,-16
790,3,-16
791,3,-17
792,3,-16
793,3,-17
794,3,-16
795,3,-17
796,3,-16
797,3,-17
798,3,-16
799,3,-17
800,3,-16
801,3,-17
802,3,-16
803,3,-17
804,3,-16
805,3,-17
806,3,-16
807,3,-17
808,3,-16
809,3,-17
810,3,-16
811,3,-16
812,3,-16
813,3,-16
814,3,-16
815,3,-16
816,3,-16
817,3,-16
818,3,-17
819,3,-16
820,3,-17
821,3,-16
822,3,-16
823,3,-16
824,3,-16
825,3,-16
826,3,-16
827,3,-16
828,3,-17
829,3,-16
830,3,-17
831,3,-16
832,3,-17
833,3,-16
834,3,-17
835,3,-16
836,3,-17
837,3,-16
838,3,-17
839,3,-16
840,3,-17
841,3,-16
842,3,-17
843,3,-16
844,3,-16
845,3,-16
846,3,-16
847,3,-16
848,3,-16
849,3,-16
850,3,-16
851,3,-16
852,3,-16
853,3,-16
854,3,-16
855,3,-16
856,3,-16
857,3,-16
858,3,-16
859,3,-16
860,3,-16
861,3,-17
862,3,-16
863,3,-17
864,3,-16
865,3,-17
866,3,-16
867,3,-17
868,3,-16
869,3,-17
870,3,-16
871,3,-17
872,3,-16
873,3,-17
874,3,-16
875,3,-17
876,3,-16
877,3,-17
878,3,-16
879,3,-17
880,3,-16
881,3,-16
882,3,-16
883,3,-16
884,3,-16
885,3,-16
886,3,-16
887,3,-16
888,3,-16
889,3,-16
890,3,-16
891,3,-16
892,3,-16
893,3,-16
894,3,-16
895,3,-16
896,3,-16
897,3,-16
898,3,-16
899,3,-16
900,3,-16
901,3,-16
902,3,-17
903,3,-16
904,3,-16
905,3,-16
906,3,-17
907,3,-16
908,3,-17
909,3,-16
910,3,-17
911,3,-16
912,3,-17
913,3,-16
914,3,-17
915,3,-16
916,3,-17
917,3,-16
918,3,-17
919,3,-16
920,3,-17
921,3,-16
922,3,-17
923,3,-16
924,3,-17
925,3,-16
926,3,-17
927,3,-16
928,3,-17
929,3,-16
930,3,-17
931,3,-16
932,3,-17
933,3,-16
934,3,-17
935,3,-16
936,3,-16
937,3,-16
938,3,-16
939,3,-16
940,3,-17
941,3,-16
942,3,-16
943,3,-16
944,3,-16
945,3,-16
946,3,-16
947,3,-16
948,3,-16
949,3,-16
950,3,-16
951,3,-16
952,3,-16
953,3,-16
954,3,-16
955,3,-16
956,3,-16
957,3,-16
958,3,-16
959,3,-16
960,3,-16
961,3,-16
962,3,-16
963,3,-17
964,3,-16
965,3,-17
966,3,-16
967,3,-17
968,3,-16
969,3,-17
970,3,-16
971,3,-17
972,3,-16
973,3,-17
974,3,-16
975,3,-17
976,3,-16
977,3,-16
978,3,-16
979,3,-17
980,3,-16
981,3,-17
982,3,-16
983,3,-17
984,3,-16
985,3,-17
986,3,-16
987,3,-17
988,3,-16
989,3,-17
990,3,-16
991,3,-17
992,3,-16
993,3,-17
994,3,-16
995,3,-17
996,3,-16
997,3,-17
998,3,-16
999,3,-17
1000,3,-16
1001,3,-17
1002,3,-16
1003,3,-17
1004,3,-16
1005,3,-17
1006,3,-16
1007,3,-17
1008,3,-16
1009,3,-17
1010,3,-16
1011,3,-17
1012,3,-16
1013,3,-17
1014,3,-16
1015,3,-16
1016,3,-16
1017,4,3
1018,4,3
1019,4,3
1020,4,3
1021,4,3
1022,4,3
1023,4,3
1024,4,3
1025,4,3
1026,4,3
1027,4,3
1028,4,3
1029,4,3
1030,4,4
1031,4,3
1032,4,3
1033,4,3
1034,4,3
1035,4,3
1036,4,3
1037,4,2
1038,4,3
1039,4,3
1040,4,3
1041,4,3
1042,4,3
1043,4,3
1044,4,4
1045,4,3
1046,4,3
1047,4,3
1048,4,3
1049,4,3
1050,4,3
1051,4,4
1052,4,3
1053,4,3
1054,4,3
1055,4,3
1056,4,3
1057,4,4
1058,4,4
1059,4,3
1060,4,3
1061,4,3
1062,4,3
1063,4,3
1064,4,4
1065,4,3
1066,4,3
1067,4,3
1068,4,3
1069,4,3
1070,4,3
1071,4,4
1072,4,3
1073,4,3
1074,4,3
1075,4,3
1076,4,3
1077,4,4
1078,4,4
1079,4,3
1080,4,3
1081,4,3
1082,4,3
1083,4,3
1084,4,3
1085,4,4
1086,4,3
1087,4,3
1088,4,3
1089,4,3
1090,4,3
1091,4,4
1092,4,3
1093,4,3
1094,4,3
1095,4,3
1096,4,3
1097,4,3
1098,4,4
1099,4,4
1100,4,3
1101,4,3
1102,4,3
1103,4,3
1104,4,3
1105,4,4
1106,4,3
1107,4,3
1108,4,3
1109,4,3
1110,4,3
1111,4,3
1112,4,4
1113,4,3
1114,4,3
1115,4,3
1116,4,3
1117,4,3
1118,4,3
1119,4,3
1120,4,3
1121,4,3
1122,4,3
1123,4,3
1124,4,3
1125,4,3
1126,4,3
1127,4,4
1128,4,3
1129,4,3
1130,4,3
1131,4,3
1132,4,3
1133,4,4
1134,4,4
1135,4,3
1136,4,3
1137,4,3
1138,4,3
1139,4,3
1140,4,3
1141,4,3
1142,4,3
1143,4,3
1144,4,3
1145,4,3
1146,4,3
1147,4,4
1148,4,4
1149,4,3
1150,4,3
1151,4,3
1152,4,3
1153,4,3
1154,4,3
1155,4,4
1156,4,3
1157,4,3
1158,4,3
1159,4,3
1160,4,3
1161,4,3
1162,4,4
1163,4,3
1164,4,3
1165,4,3
1166,4,3
1167,4,3
1168,4,3
1169,4,3
1170,4,3
1171,4,3
1172,4,3
1173,4,3
1174,4,4
1175,4,3
1176,4,3
1177,4,3
1178,4,4
1179,4,3
1180,4,3
1181,4,3
1182,4,3
1183,4,3
1184,4,3
1185,4,3
1186,4,3
1187,4,3
1188,4,3
1189,4,3
1190,4,3
1191,4,3
1192,4,3
1193,4,3
1194,4,3
1195,4,4
1196,4,3
1197,4,4
1198,4,3
1199,4,4
1200,4,3
1201,4,4
1202,4,3
1203,4,4
1204,4,3
1205,4,3
1206,4,3
1207,4,3
1208,4,3
1209,4,3
1210,4,3
1211,4,3
1212,4,3
1213,4,3
1214,4,3
1215,4,3
1216,4,3
1217,4,3
1218,4,3
1219,4,3
1220,4,3
1221,4,3
1222,4,3
1223,4,3
1224,4,4
1225,4,3
1226,4,4
1227,4,3
1228,4,4
1229,4,3
1230,4,3
1231,4,3
1232,4,4
1233,4,3
1234,4,3
1235,4,3
1236,4,3
1237,4,3
1238,4,3
1239,4,3
1240,4,3
1241,4,3
1242,4,3
1243,4,3
1244,4,3
1245,4,3
1246,4,3
1247,4,3
1248,4,3
1249,4,3
1250,4,3
1251,4,3
1252,4,3
1253,4,3
1254,4,3
1255,4,3
1256,4,3
1257,4,4
1258,4,3
1259,4,4
1260,4,3
1261,4,4
1262,4,3
1263,4,3
1264,4,3
1265,4,3
1266,4,3
1267,4,3
1268,4,3
1269,4,3
1270,4,3
1271,4,3
1272,4,3
1273,4,3
1274,4,3
1275,4,3
1276,4,3
1277,4,3
1278,4,3
1279,4,3
1280,4,3
1281,4,3
1282,4,4
1283,4,3
1284,4,3
1285,4,3
1286,4,3
1287,4,3
1288,4,3
1289,4,3
1290,4,3
1291,4,3
1292,4,3
1293,4,3
1294,4,3
1295,4,3
1296,4,3
1297,4,3
1298,4,3
1299,4,3
1300,4,3
1301,4,3
1302,4,3
1303,4,3
1304,4,3
1305,4,3
1306,4,3
1307,4,3
1308,4,3
1309,4,3
1310,4,3
1311,4,3
1312,4,3
1313,4,3
1314,4,3
1315,4,3
1316,4,3
1317,4,3
1318,4,3
1319,4,4
1320,4,3
1321,4,4
1322,4,3
1323,4,4
1324,4,3
1325,4,3
1326,4,3
1327,4,4
1328,4,3
1329,4,3
1330,4,3
1331,4,3
1332,4,3
1333,4,3
1334,4,3
1335,4,3
1336,4,3
1337,4,3
1338,4,3
1339,4,3
1340,4,3
1341,4,3
1342,4,3
1343,4,3
1344,4,3
1345,4,3
1346,4,3
1347,4,3
1348,4,3
1349,4,3
1350,4,3
1351,4,3
1352,4,4
1353,4,3
1354,4,4
1355,4,3
1356,4,3
1357,4,3
1358,4,4
1359,4,3
1360,4,4
1361,4,3
1362,4,4
1363,4,3
1364,4,4
1365,4,3
1366,4,3
1367,4,3
1368,4,3
1369,4,3
1370,4,3
1371,4,3
1372,4,3
1373,4,3
1374,4,3
1375,4,3
1376,4,3
1377,4,3
1378,4,3
1379,4,3
1380,4,3
1381,4,3
1382,4,3
1383,4,3
1384,4,3
1385,4,3
1386,4,3
1387,4,3
1388,4,3
1389,4,4
1390,4,3
1391,4,4
1392,4,3
1393,4,4
1394,4,3
1395,4,4
1396,4,3
1397,4,4
1398,4,3
1399,4,4
1400,4,3
1401,4,4
1402,4,3
1403,4,3
1404,4,3
1405,4,3
1406,4,3
1407,4,3
1408,4,3
1409,4,3
1410,4,3
1411,4,3
1412,4,3
1413,4,3
1414,4,3
1415,4,3
1416,4,3
1417,4,3
1418,4,3
1419,4,3
1420,4,3
1421,4,3
1422,4,3
1423,4,3
1424,4,3
1425,4,3
1426,4,3
1427,4,3
1428,4,3
1429,4,3
1430,4,3
1431,4,3
1432,4,3
1433,4,3
1434,4,3
1435,4,3
1436,4,3
1437,4,3
1438,4,3
1439,4,3
1440,4,3
1441,4,3
1442,4,3
1443,4,3
1444,4,4
1445,4,3
1446,4,4
1447,4,3
1448,4,3
1449,4,3
1450,4,4
1451,4,3
1452,4,4
1453,4,3
1454,4,4
1455,4,3
1456,4,4
1457,4,3
1458,4,4
1459,4,3
1460,4,4
1461,4,3
1462,4,4
1463,4,3
1464,4,4
1465,4,3
1466,4,4
1467,4,3
1468,4,4
1469,4,3
1470,4,3
1471,4,3
1472,4,3
1473,4,3
1474,4,3
1475,4,3
1476,4,3
1477,4,3
1478,4,3
1479,4,3
1480,4,3
1481,4,3
1482,4,3
1483,4,3
1484,4,3
1485,4,3
1486,4,3
1487,4,3
1488,4,3
1489,4,3
1490,4,3
1491,4,3
1492,4,3
1493,4,3
1494,4,3
1495,4,3
1496,4,3
1497,4,3
1498,4,3
1499,4,3
1500,4,3
1501,4,3
1502,4,3
1503,4,3
1504,4,3
1505,4,3
1506,4,3
1507,4,3
1508,4,3
1509,4,3
1510,4,3
1511,4,3
1512,4,3
1513,4,3
1514,4,3
1515,4,3
1516,4,3
1517,4,3
1518,4,3
1519,4,3
1520,4,3
1521,4,3
1522,4,3
1523,4,4
1524,4,3
1525,5,-10
1526,5,-10
1527,5,-11
1528,5,-11
1529,5,-11
1530,5,-11
1531,5,-11
1532,5,-10
1533,5,-10
1534,5,-11
1535,5,-11
1536,5,-11
1537,5,-11
1538,5,-10
1539,5,-10
1540,5,-10
1541,5,-11
1542,5,-11
1543,5,-11
1544,5,-11
1545,5,-11
1546,5,-10
1547,5,-11
1548,5,-11
1549,5,-11
1550,5,-11
1551,5,-11
1552,5,-10
1553,5,-10
1554,5,-11
1555,5,-11
1556,5,-11
1557,5,-11
1558,5,-11
1559,5,-10
1560,5,-10
1561,5,-11
1562,5,-11
1563,5,-11
1564,5,-11
1565,5,-10
1566,5,-10
1567,5,-10
1568,5,-11
1569,5,-11
1570,5,-11
1571,5,-11
1572,5,-10
1573,5,-10
1574,5,-11
1575,5,-11
1576,5,-11
1577,5,-11
1578,5,-11
1579,5,-10
1580,5,-10
1581,5,-11
1582,5,-11
1583,5,-11
1584,5,-11
1585,5,-10
1586,5,-10
1587,5,-10
1588,5,-11
1589,5,-11
1590,5,-11
1591,5,-11
1592,5,-11
1593,5,-10
1594,5,-11
1595,5,-11
1596,5,-11
1597,5,-11
1598,5,-11
1599,5,-10
1600,5,-10
1601,5,-10
1602,5,-10
1603,5,-11
1604,5,-11
1605,5,-11
1606,5,-10
1607,5,-10
1608,5,-11
1609,5,-11
1610,5,-11
1611,5,-11
1612,5,-11
1613,5,-10
1614,5,-10
1615,5,-10
1616,5,-11
1617,5,-11
1618,5,-11
1619,5,-11
1620,5,-10
1621,5,-10
1622,5,-10
1623,5,-11
1624,5,-11
1625,5,-11
1626,5,-11
1627,5,-11
1628,5,-10
1629,5,-10
1630,5,-11
1631,5,-11
1632,5,-11
1633,5,-11
1634,5,-11
1635,5,-10
1636,5,-10
1637,5,-11
1638,5,-11
1639,5,-11
1640,5,-11
1641,5,-10
1642,5,-10
1643,5,-10
1644,5,-11
1645,5,-11
1646,5,-11
1647,5,-11
1648,5,-11
1649,5,-10
1650,5,-10
1651,5,-10
1652,5,-11
1653,5,-11
1654,5,-11
1655,5,-10
1656,5,-10
1657,5,-10
1658,5,-10
1659,5,-11
1660,5,-11
1661,5,-11
1662,5,-11
1663,5,-10
1664,5,-10
1665,5,-11
1666,5,-11
1667,5,-11
1668,5,-11
1669,5,-11
1670,5,-10
1671,5,-11
1672,5,-11
1673,5,-11
1674,5,-11
1675,5,-11
1676,5,-11
1677,5,-11
1678,5,-11
1679,5,-11
1680,5,-11
1681,5,-11
1682,5,-10
1683,5,-11
1684,5,-10
1685,5,-11
1686,5,-10
1687,5,-11
1688,5,-10
1689,5,-11
1690,5,-10
1691,5,-11
1692,5,-11
1693,5,-11
1694,5,-11
1695,5,-11
1696,5,-11
1697,5,-11
1698,5,-11
1699,5,-11
1700,5,-11
1701,5,-11
1702,5,-11
1703,5,-10
1704,5,-11
1705,5,-10
1706,5,-11
1707,5,-10
1708,5,-11
1709,5,-10
1710,5,-11
1711,5,-10
1712,5,-11
1713,5,-10
1714,5,-11
1715,5,-10
1716,5,-11
1717,5,-11
1718,5,-11
1719,5,-10
1720,5,-11
1721,5,-11
1722,5,-11
1723,5,-11
1724,5,-11
1725,5,-11
1726,5,-11
1727,5,-11
1728,5,-11
1729,5,-11
1730,5,-11
1731,5,-11
1732,5,-10
1733,5,-11
1734,5,-10
1735,5,-11
1736,5,-10
1737,5,-11
1738,5,-10
1739,5,-11
1740,5,-10
1741,5,-11
1742,5,-10
1743,5,-11
1744,5,-10
1745,5,-11
1746,5,-10
1747,5,-11
1748,5,-10
1749,5,-11
1750,5,-11
1751,5,-11
1752,5,-11
1753,5,-11
1754,5,-11
1755,5,-11
1756,5,-11
1757,5,-11
1758,5,-11
1759,5,-11
1760,5,-11
1761,5,-11
1762,5,-11
1763,5,-11
1764,5,-11
1765,5,-10
1766,5,-11
1767,5,-10
1768,5,-11
1769,5,-10
1770,5,-11
1771,5,-10
1772,5,-11
1773,5,-10
1774,5,-11
1775,5,-10
1776,5,-11
1777,5,-10
1778,5,-11
1779,5,-11
1780,5,-11
1781,5,-11
1782,5,-11
1783,5,-11
1784,5,-11
1785,5,-11
1786,5,-11
1787,5,-11
1788,5,-11
1789,5,-11
1790,5,-10
1791,5,-11
1792,5,-10
1793,5,-11
1794,5,-10
1795,5,-11
1796,5,-10
1797,5,-11
1798,5,-10
1799,5,-11
1800,5,-10
1801,5,-11
1802,5,-10
1803,5,-11
1804,5,-10
1805,5,-11
1806,5,-10
1807,5,-11
1808,5,-11
1809,5,-11
1810,5,-10
1811,5,-11
1812,5,-10
1813,5,-11
1814,5,-11
1815,5,-11
1816,5,-11
1817,5,-11
1818,5,-11
1819,5,-11
1820,5,-11
1821,5,-11
1822,5,-11
1823,5,-11
1824,5,-11
1825,5,-11
1826,5,-11
1827,5,-10
1828,5,-11
1829,5,-10
1830,5,-11
1831,5,-10
1832,5,-11
1833,5,-10
1834,5,-11
1835,5,-10
1836,5,-11
1837,5,-10
1838,5,-11
1839,5,-10
1840,5,-11
1841,5,-10
1842,5,-11
1843,5,-10
1844,5,-11
1845,5,-11
1846,5,-11
1847,5,-11
1848,5,-11
1849,5,-11
1850,5,-11
1851,5,-11
1852,5,-11
1853,5,-11
1854,5,-11
1855,5,-11
1856,5,-11
1857,5,-11
1858,5,-11
1859,5,-11
1860,5,-10
1861,5,-11
1862,5,-10
1863,5,-11
1864,5,-10
1865,5,-11
1866,5,-10
1867,5,-11
1868,5,-10
1869,5,-11
1870,5,-10
1871,5,-11
1872,5,-10
1873,5,-11
1874,5,-10
1875,5,-11
1876,5,-10
1877,5,-11
1878,5,-10
1879,5,-11
1880,5,-10
1881,5,-11
1882,5,-11
1883,5,-11
1884,5,-10
1885,5,-11
1886,5,-11
1887,5,-11
1888,5,-11
1889,5,-11
1890,5,-11
1891,5,-11
1892,5,-11
1893,5,-11
1894,5,-11
1895,5,-11
1896,5,-11
1897,5,-10
1898,5,-11
1899,5,-10
1900,5,-11
1901,5,-10
1902,5,-11
1903,5,-10
1904,5,-11
1905,5,-10
1906,5,-11
1907,5,-10
1908,5,-11
1909,5,-10
1910,5,-11
1911,5,-10
1912,5,-11
1913,5,-10
1914,5,-11
1915,5,-10
1916,5,-11
1917,5,-10
1918,5,-11
1919,5,-10
1920,5,-11
1921,5,-10
1922,5,-11
1923,5,-10
1924,5,-11
1925,5,-10
1926,5,-11
1927,5,-10
1928,5,-11
1929,5,-10
1930,5,-11
1931,5,-10
1932,5,-11
1933,5,-10
1934,5,-11
1935,5,-10
1936,5,-11
1937,5,-10
1938,5,-11
1939,5,-11
1940,5,-11
1941,5,-11
1942,5,-11
1943,5,-11
1944,5,-11
1945,5,-11
1946,5,-11
1947,5,-11
1948,5,-11
1949,5,-11
1950,5,-11
1951,5,-11
1952,5,-10
1953,5,-11
1954,5,-10
1955,5,-11
1956,5,-11
1957,5,-11
1958,5,-10
1959,5,-11
1960,5,-10
1961,5,-11
1962,5,-10
1963,5,-11
1964,5,-10
1965,5,-11
1966,5,-10
1967,5,-11
1968,5,-10
1969,5,-11
1970,5,-10
1971,5,-11
1972,5,-10
1973,5,-11
1974,5,-10
1975,5,-11
1976,5,-10
1977,5,-11
1978,5,-10
1979,5,-11
1980,5,-10
1981,5,-11
1982,5,-10
1983,5,-11
1984,5,-10
1985,5,-11
1986,5,-10
1987,5,-11
1988,5,-10
1989,5,-11
1990,5,-10
1991,5,-11
1992,5,-10
1993,5,-11
1994,5,-10
1995,5,-11
1996,5,-11
1997,5,-11
1998,5,-10
1999,5,-11
2000,5,-10
2001,5,-11
2002,5,-10
2003,5,-11
2004,5,-11
2005,5,-11
2006,5,-11
2007,5,-11
2008,5,-11
2009,5,-11
2010,5,-10
2011,5,-11
2012,5,-11
2013,5,-11
2014,5,-10
2015,5,-11
2016,5,-11
2017,5,-11
2018,5,-11
2019,5,-11
2020,5,-11
2021,5,-11
2022,5,-11
2023,5,-11
2024,5,-11
2025,5,-11
2026,5,-11
2027,5,-11
2028,5,-11
2029,5,-11
2030,5,-11
2031,5,-10
2032,5,-11
2033,7,-8
2034,7,-8
2035,7,-8
2036,7,-8
2037,7,-8
2038,7,-8
2039,7,-8
2040,7,-8
2041,7,-8
2042,7,-8
2043,7,-8
2044,7,-8
2045,7,-8
2046,7,-8
2047,7,-8
2048,7,-8
2049,7,-8
2050,7,-8
2051,7,-8
2052,7,-8
2053,7,-8
2054,7,-8
2055,7,-8
2056,7,-8
2057,7,-8
2058,7,-8
2059,7,-8
2060,7,-8
2061,7,-8
2062,7,-8
2063,7,-8
2064,7,-8
2065,7,-8
2066,7,-9
2067,7,-8
2068,7,-8
2069,7,-8
2070,7,-8
2071,7,-8
2072,7,-8
2073,7,-7
2074,7,-8
2075,7,-8
2076,7,-8
2077,7,-8
2078,7,-8
2079,7,-8
2080,7,-8
2081,7,-8
2082,7,-8
2083,7,-8
2084,7,-8
2085,7,-8
2086,7,-8
2087,7,-7
2088,7,-8
2089,7,-8
2090,7,-8
2091,7,-8
2092,7,-8
2093,7,-7
2094,7,-8
2095,7,-8
2096,7,-8
2097,7,-8
2098,7,-8
2099,7,-8
2100,7,-9
2101,7,-8
2102,7,-8
2103,7,-8
2104,7,-8
2105,7,-8
2106,7,-8
2107,7,-7
2108,7,-8
2109,7,-8
2110,7,-8
2111,7,-8
2112,7,-8
2113,7,-8
2114,7,-7
2115,7,-8
2116,7,-8
2117,7,-8
2118,7,-8
2119,7,-8
2120,7,-8
2121,7,-7
2122,7,-8
2123,7,-8
2124,7,-8
2125,7,-8
2126,7,-8
2127,7,-8
2128,7,-7
2129,7,-8
2130,7,-8
2131,7,-8
2132,7,-8
2133,7,-8
2134,7,-8
2135,7,-8
2136,7,-8
2137,7,-8
2138,7,-8
2139,7,-8
2140,7,-8
2141,7,-8
2142,7,-8
2143,7,-7
2144,7,-8
2145,7,-8
2146,7,-8
2147,7,-8
2148,7,-8
2149,7,-8
2150,7,-8
2151,7,-8
2152,7,-8
2153,7,-8
2154,7,-8
2155,7,-8
2156,7,-8
2157,7,-8
2158,7,-8
2159,7,-8
2160,7,-8
2161,7,-8
2162,7,-8
2163,7,-7
2164,7,-8
2165,7,-8
2166,7,-8
2167,7,-8
2168,7,-8
2169,7,-8
2170,7,-8
2171,7,-8
2172,7,-8
2173,7,-8
2174,7,-8
2175,7,-8
2176,7,-8
2177,7,-8
2178,7,-8
2179,7,-8
2180,7,-8
2181,7,-8
2182,7,-8
2183,7,-8
2184,7,-8
2185,7,-8
2186,7,-8
2187,7,-8
2188,7,-8
2189,7,-8
2190,7,-8
2191,7,-8
2192,7,-8
2193,7,-8
2194,7,-8
2195,7,-8
2196,7,-8
2197,7,-8
2198,7,-8
2199,7,-8
2200,7,-8
2201,7,-8
2202,7,-8
2203,7,-8
2204,7,-8
2205,7,-8
2206,7,-8
2207,7,-8
2208,7,-8
2209,7,-8
2210,7,-8
2211,7,-7
2212,7,-8
2213,7,-7
2214,7,-8
2215,7,-7
2216,7,-8
2217,7,-8
2218,7,-8
2219,7,-8
2220,7,-8
2221,7,-8
2222,7,-8
2223,7,-8
2224,7,-8
2225,7,-8
2226,7,-8
2227,7,-8
2228,7,-8
2229,7,-8
2230,7,-8
2231,7,-8
2232,7,-8
2233,7,-8
2234,7,-8
2235,7,-8
2236,7,-8
2237,7,-8
2238,7,-8
2239,7,-8
2240,7,-7
2241,7,-8
2242,7,-7
2243,7,-8
2244,7,-8
2245,7,-8
2246,7,-8
2247,7,-8
2248,7,-8
2249,7,-8
2250,7,-8
2251,7,-8
2252,7,-8
2253,7,-8
2254,7,-8
2255,7,-8
2256,7,-8
2257,7,-8
2258,7,-8
2259,7,-8
2260,7,-8
2261,7,-8
2262,7,-8
2263,7,-8
2264,7,-8
2265,7,-8
2266,7,-8
2267,7,-8
2268,7,-8
2269,7,-8
2270,7,-8
2271,7,-8
2272,7,-8
2273,7,-7
2274,7,-8
2275,7,-7
2276,7,-8
2277,7,-8
2278,7,-8
2279,7,-8
2280,7,-8
2281,7,-8
2282,7,-8
2283,7,-8
2284,7,-8
2285,7,-8
2286,7,-8
2287,7,-8
2288,7,-8
2289,7,-8
2290,7,-8
2291,7,-8
2292,7,-8
2293,7,-8
2294,7,-8
2295,7,-8
2296,7,-8
2297,7,-8
2298,7,-7
2299,7,-8
2300,7,-7
2301,7,-8
2302,7,-7
2303,7,-8
2304,7,-7
2305,7,-8
2306,7,-8
2307,7,-8
2308,7,-8
2309,7,-8
2310,7,-8
2311,7,-8
2312,7,-8
2313,7,-8
2314,7,-8
2315,7,-8
2316,7,-8
2317,7,-8
2318,7,-8
2319,7,-8
2320,7,-8
2321,7,-8
2322,7,-8
2323,7,-8
2324,7,-8
2325,7,-8
2326,7,-8
2327,7,-8
2328,7,-8
2329,7,-8
2330,7,-8
2331,7,-9
2332,7,-8
2333,7,-8
2334,7,-8
2335,7,-8
2336,7,-8
2337,7,-7
2338,7,-8
2339,7,-7
2340,7,-8
2341,7,-8
2342,7,-8
2343,7,-8
2344,7,-8
2345,7,-8
2346,7,-8
2347,7,-8
2348,7,-8
2349,7,-8
2350,7,-8
2351,7,-8
2352,7,-8
2353,7,-8
2354,7,-8
2355,7,-8
2356,7,-8
2357,7,-8
2358,7,-8
2359,7,-8
2360,7,-8
2361,7,-8
2362,7,-8
2363,7,-8
2364,7,-8
2365,7,-8
2366,7,-8
2367,7,-8
2368,7,-7
2369,7,-8
2370,7,-7
2371,7,-8
2372,7,-8
2373,7,-8
2374,7,-8
2375,7,-8
2376,7,-8
2377,7,-8
2378,7,-8
2379,7,-8
2380,7,-8
2381,7,-8
2382,7,-8
2383,7,-8
2384,7,-8
2385,7,-8
2386,7,-8
2387,7,-8
2388,7,-8
2389,7,-8
2390,7,-8
2391,7,-8
2392,7,-8
2393,7,-8
2394,7,-8
2395,7,-8
2396,7,-8
2397,7,-8
2398,7,-8
2399,7,-8
2400,7,-8
2401,7,-8
2402,7,-8
2403,7,-8
2404,7,-8
2405,7,-7
2406,7,-8
2407,7,-7
2408,7,-8
2409,7,-7
2410,7,-8
2411,7,-7
2412,7,-8
2413,7,-7
2414,7,-8
2415,7,-8
2416,7,-8
2417,7,-8
2418,7,-8
2419,7,-8
2420,7,-8
2421,7,-8
2422,7,-8
2423,7,-8
2424,7,-8
2425,7,-8
2426,7,-8
2427,7,-8
2428,7,-8
2429,7,-8
2430,7,-8
2431,7,-8
2432,7,-8
2433,7,-8
2434,7,-8
2435,7,-8
2436,7,-8
2437,7,-8
2438,7,-8
2439,7,-8
2440,7,-8
2441,7,-8
2442,7,-8
2443,7,-8
2444,7,-8
2445,7,-8
2446,7,-8
2447,7,-8
2448,7,-8
2449,7,-8
2450,7,-8
2451,7,-8
2452,7,-8
2453,7,-8
2454,7,-8
2455,7,-8
2456,7,-8
2457,7,-8
2458,7,-8
2459,7,-8
2460,7,-7
2461,7,-8
2462,7,-7
2463,7,-8
2464,7,-8
2465,7,-8
2466,7,-7
2467,7,-8
2468,7,-7
2469,7,-8
2470,7,-7
2471,7,-8
2472,7,-7
2473,7,-8
2474,7,-8
2475,7,-8
2476,7,-8
2477,7,-8
2478,7,-8
2479,7,-8
2480,7,-8
2481,7,-8
2482,7,-8
2483,7,-8
2484,7,-8
2485,7,-8
2486,7,-8
2487,7,-8
2488,7,-8
2489,7,-8
2490,7,-8
2491,7,-8
2492,7,-8
2493,7,-8
2494,7,-8
2495,7,-8
2496,7,-8
2497,7,-8
2498,7,-8
2499,7,-8
2500,7,-8
2501,7,-8
2502,7,-8
2503,7,-8
2504,7,-8
2505,7,-8
2506,7,-8
2507,7,-8
2508,7,-8
2509,7,-8
2510,7,-8
2511,7,-8
2512,7,-8
2513,7,-8
2514,7,-8
2515,7,-8
2516,7,-8
2517,7,-8
2518,7,-8
2519,7,-8
2520,7,-8
2521,7,-8
2522,7,-8
2523,7,-8
2524,7,-8
2525,7,-8
2526,7,-8
2527,7,-8
2528,7,-8
2529,7,-8
2530,7,-8
2531,7,-8
2532,7,-8
2533,7,-8
2534,7,-8
2535,7,-8
2536,7,-8
2537,7,-8
2538,7,-8
2539,7,-7
2540,7,-8
2541,8,1
2542,8,1
2543,8,0
2544,8,0
2545,8,0
2546,8,0
2547,8,0
2548,8,1
2549,8,1
2550,8,0
2551,8,0
2552,8,0
2553,8,0
2554,8,1
2555,8,1
2556,8,1
2557,8,0
2558,8,0
2559,8,0
2560,8,0
2561,8,0
2562,8,1
2563,8,1
2564,8,0
2565,8,0
2566,8,0
2567,8,0
2568,8,1
2569,8,1
2570,8,0
2571,8,0
2572,8,0
2573,8,0
2574,8,0
2575,8,1
2576,8,1
2577,8,0
2578,8,0
2579,8,0
2580,8,0
2581,8,1
2582,8,1
2583,8,1
2584,8,0
2585,8,0
2586,8,0
2587,8,0
2588,8,1
2589,8,1
2590,8,0
2591,8,0
2592,8,0
2593,8,0
2594,8,0
2595,8,1
2596,8,1
2597,8,1
2598,8,0
2599,8,0
2600,8,0
2601,8,1
2602,8,1
2603,8,1
2604,8,0
2605,8,0
2606,8,0
2607,8,0
2608,8,0
2609,8,1
2610,8,1
2611,8,0
2612,8,0
2613,8,0
2614,8,0
2615,8,1
2616,8,1
2617,8,1
2618,8,0
2619,8,0
2620,8,0
2621,8,0
2622,8,1
2623,8,1
2624,8,1
2625,8,0
2626,8,0
2627,8,0
2628,8,0
2629,8,1
2630,8,1
2631,8,1
2632,8,0
2633,8,0
2634,8,0
2635,8,0
2636,8,1
2637,8,1
2638,8,1
2639,8,0
2640,8,0
2641,8,0
2642,8,0
2643,8,0
2644,8,1
2645,8,1
2646,8,0
2647,8,0
2648,8,0
2649,8,0
2650,8,0
2651,8,1
2652,8,1
2653,8,0
2654,8,0
2655,8,0
2656,8,0
2657,8,1
2658,8,1
2659,8,1
2660,8,0
2661,8,0
2662,8,0
2663,8,0
2664,8,0
2665,8,1
2666,8,1
2667,8,1
2668,8,0
2669,8,0
2670,8,0
2671,8,1
2672,8,1
2673,8,1
2674,8,1
2675,8,0
2676,8,0
2677,8,0
2678,8,0
2679,8,1
2680,8,1
2681,8,1
2682,8,0
2683,8,0
2684,8,0
2685,8,0
2686,8,1
2687,8,0
2688,8,0
2689,8,0
2690,8,0
2691,8,0
2692,8,0
2693,8,0
2694,8,0
2695,8,0
2696,8,0
2697,8,0
2698,8,1
2699,8,0
2700,8,1
2701,8,0
2702,8,1
2703,8,0
2704,8,1
2705,8,0
2706,8,1
2707,8,0
2708,8,1
2709,8,0
2710,8,1
2711,8,0
2712,8,1
2713,8,0
2714,8,1
2715,8,0
2716,8,0
2717,8,0
2718,8,0
2719,8,1
2720,8,0
2721,8,1
2722,8,0
2723,8,1
2724,8,0
2725,8,1
2726,8,0
2727,8,1
2728,8,0
2729,8,1
2730,8,0
2731,8,1
2732,8,0
2733,8,1
2734,8,0
2735,8,1
2736,8,0
2737,8,1
2738,8,0
2739,8,1
2740,8,0
2741,8,1
2742,8,0
2743,8,0
2744,8,0
2745,8,0
2746,8,0
2747,8,0
2748,8,1
2749,8,0
2750,8,1
2751,8,0
2752,8,1
2753,8,0
2754,8,1
2755,8,0
2756,8,1
2757,8,0
2758,8,1
2759,8,0
2760,8,1
2761,8,0
2762,8,1
2763,8,0
2764,8,1
2765,8,0
2766,8,1
2767,8,0
2768,8,0
2769,8,0
2770,8,0
2771,8,0
2772,8,0
2773,8,0
2774,8,0
2775,8,0
2776,8,0
2777,8,0
2778,8,0
2779,8,0
2780,8,0
2781,8,1
2782,8,0
2783,8,1
2784,8,0
2785,8,1
2786,8,0
2787,8,1
2788,8,0
2789,8,1
2790,8,0
2791,8,1
2792,8,0
2793,8,1
2794,8,0
2795,8,0
2796,8,0
2797,8,0
2798,8,0
2799,8,0
2800,8,0
2801,8,0
2802,8,0
2803,8,0
2804,8,0
2805,8,0
2806,8,1
2807,8,0
2808,8,1
2809,8,0
2810,8,1
2811,8,0
2812,8,1
2813,8,0
2814,8,1
2815,8,0
2816,8,1
2817,8,0
2818,8,1
2819,8,0
2820,8,1
2821,8,0
2822,8,1
2823,8,0
2824,8,1
2825,8,0
2826,8,1
2827,8,0
2828,8,1
2829,8,0
2830,8,0
2831,8,0
2832,8,0
2833,8,0
2834,8,0
2835,8,0
2836,8,0
2837,8,0
2838,8,0
2839,8,0
2840,8,0
2841,8,0
2842,8,0
2843,8,1
2844,8,0
2845,8,1
2846,8,0
2847,8,1
2848,8,0
2849,8,1
2850,8,0
2851,8,1
2852,8,0
2853,8,1
2854,8,0
2855,8,1
2856,8,0
2857,8,1
2858,8,0
2859,8,0
2860,8,0
2861,8,1
2862,8,0
2863,8,0
2864,8,0
2865,8,1
2866,8,0
2867,8,0
2868,8,0
2869,8,0
2870,8,0
2871,8,0
2872,8,0
2873,8,0
2874,8,0
2875,8,0
2876,8,1
2877,8,0
2878,8,1
2879,8,0
2880,8,1
2881,8,0
2882,8,1
2883,8,0
2884,8,1
2885,8,0
2886,8,1
2887,8,0
2888,8,1
2889,8,0
2890,8,1
2891,8,0
2892,8,1
2893,8,0
2894,8,1
2895,8,0
2896,8,1
2897,8,0
2898,8,1
2899,8,0
2900,8,1
2901,8,0
2902,8,1
2903,8,0
2904,8,0
2905,8,0
2906,8,0
2907,8,0
2908,8,0
2909,8,0
2910,8,0
2911,8,0
2912,8,0
2913,8,1
2914,8,0
2915,8,1
2916,8,0
2917,8,1
2918,8,0
2919,8,1
2920,8,0
2921,8,1
2922,8,0
2923,8,1
2924,8,0
2925,8,1
2926,8,0
2927,8,1
2928,8,0
2929,8,1
2930,8,0
2931,8,1
2932,8,0
2933,8,1
2934,8,0
2935,8,1
2936,8,0
2937,8,1
2938,8,0
2939,8,1
2940,8,0
2941,8,1
2942,8,0
2943,8,1
2944,8,0
2945,8,1
2946,8,0
2947,8,1
2948,8,0
2949,8,0
2950,8,0
2951,8,1
2952,8,0
2953,8,0
2954,8,0
2955,8,0
2956,8,0
2957,8,0
2958,8,0
2959,8,0
2960,8,0
2961,8,0
2962,8,0
2963,8,0
2964,8,0
2965,8,0
2966,8,0
2967,8,0
2968,8,1
2969,8,0
2970,8,1
2971,8,0
2972,8,0
2973,8,0
2974,8,1
2975,8,0
2976,8,1
2977,8,0
2978,8,1
2979,8,0
2980,8,1
2981,8,0
2982,8,1
2983,8,0
2984,8,1
2985,8,0
2986,8,1
2987,8,0
2988,8,1
2989,8,-12
2990,8,-12
2991,8,-12
2992,8,-12
2993,8,-12
2994,8,-12
2995,8,-12
2996,8,-12
2997,8,-12
2998,8,-12
2999,8,-12
3000,8,-12
3001,8,-12
3002,8,-12
3003,8,-12
3004,8,-12
3005,8,-12
3006,8,-12
3007,8,-12
3008,8,-12
3009,8,-12
3010,8,-12
3011,8,-12
3012,8,-12
3013,8,-12
3014,8,-13
3015,8,-12
3016,8,-13
3017,8,-12
3018,8,-13
3019,8,-12
3020,8,-12
3021,8,-12
3022,8,-13
3023,8,-12
3024,8,-13
3025,8,-12
3026,8,-12
3027,8,-12
3028,8,-12
3029,8,-12
3030,8,-12
3031,8,-12
3032,8,-13
3033,8,-12
3034,8,-12
3035,8,-12
3036,8,-12
3037,8,-12
3038,8,-13
3039,8,-12
3040,8,-13
3041,8,-12
3042,8,-13
3043,8,-12
3044,8,-13
3045,8,-12
3046,8,-12
3047,8,-12
3048,9,0
3049,9,0
3050,9,0
3051,9,0
3052,9,-1
3053,9,-1
3054,9,-1
3055,9,0
3056,9,0
3057,9,0
3058,9,-1
3059,9,-1
3060,9,-1
3061,9,0
3062,9,0
3063,9,0
3064,9,0
3065,9,0
3066,9,-1
3067,9,-1
3068,9,-1
3069,9,0
3070,9,0
3071,9,0
3072,9,-1
3073,9,-1
3074,9,-1
3075,9,0
3076,9,0
3077,9,0
3078,9,0
3079,9,-1
3080,9,-1
3081,9,-1
3082,9,0
3083,9,0
3084,9,0
3085,9,0
3086,9,-1
3087,9,-1
3088,9,0
3089,9,0
3090,9,0
3091,9,0
3092,9,-1
3093,9,-1
3094,9,-1
3095,9,0
3096,9,0
3097,9,0
3098,9,0
3099,9,0
3100,9,-1
3101,9,-1
3102,9,0
3103,9,0
3104,9,0
3105,9,0
3106,9,-1
3107,9,-1
3108,9,0
3109,9,0
3110,9,0
3111,9,0
3112,9,0
3113,9,-1
3114,9,-1
3115,9,-1
3116,9,0
3117,9,0
3118,9,0
3119,9,0
3120,9,-1
3121,9,-1
3122,9,0
3123,9,0
3124,9,0
3125,9,0
3126,9,0
3127,9,-1
3128,9,-1
3129,9,0
3130,9,0
3131,9,0
3132,9,0
3133,9,0
3134,9,-1
3135,9,-1
3136,9,0
3137,9,0
3138,9,0
3139,9,0
3140,9,0
3141,9,-1
3142,9,-1
3143,9,0
3144,9,0
3145,9,0
3146,9,0
3147,9,-1
3148,9,-1
3149,9,-1
3150,9,-1
3151,9,0
3152,9,0
3153,9,0
3154,9,0
3155,9,0
3156,9,-1
3157,9,-1
3158,9,0
3159,9,0
3160,9,0
3161,9,-1
3162,9,-1
3163,9,-1
3164,9,0
3165,9,0
3166,9,0
3167,9,0
3168,9,0
3169,9,-1
3170,9,-1
3171,9,-1
3172,9,0
3173,9,0
3174,9,0
3175,9,0
3176,9,-1
3177,9,-1
3178,9,0
3179,9,0
3180,9,0
3181,9,0
3182,9,0
3183,9,-1
3184,9,-1
3185,9,-1
3186,9,0
3187,9,0
3188,9,0
3189,9,0
3190,9,-1
3191,9,-1
3192,9,-1
3193,9,0
3194,9,0
3195,9,-1
3196,9,0
3197,9,-1
3198,9,0
3199,9,-1
3200,9,0
3201,9,-1
3202,9,0
3203,9,-1
3204,9,0
3205,9,0
3206,9,-1
3207,9,0
3208,9,-1
3209,9,0
3210,9,-1
3211,9,0
3212,9,-1
3213,9,0
3214,9,-1
3215,9,0
3216,9,-1
3217,9,0
3218,9,-1
3219,9,0
3220,9,-1
3221,9,0
3222,9,-1
3223,9,0
3224,9,-1
3225,9,0
3226,9,0
3227,9,0
3228,9,0
3229,9,0
3230,9,0
3231,9,0
3232,9,0
3233,9,0
3234,9,0
3235,9,-1
3236,9,0
3237,9,-1
3238,9,0
3239,9,-1
3240,9,0
3241,9,-1
3242,9,0
3243,9,-1
3244,9,0
3245,9,-1
3246,9,0
3247,9,-1
3248,9,0
3249,9,-1
3250,9,0
3251,9,-1
3252,9,0
3253,9,-1
3254,9,0
3255,9,0
3256,9,0
3257,9,0
3258,9,-1
3259,9,0
3260,9,-1
3261,9,0
3262,9,-1
3263,9,0
3264,9,-1
3265,9,0
3266,9,-1
3267,9,0
3268,9,-1
3269,9,0
3270,9,-1
3271,9,0
3272,9,-1
3273,9,0
3274,9,-1
3275,9,0
3276,9,-1
3277,9,0
3278,9,-1
3279,9,0
3280,9,-1
3281,9,0
3282,9,-1
3283,9,0
3284,9,-1
3285,9,0
3286,9,-1
3287,9,0
3288,9,0
3289,9,0
3290,9,0
3291,9,0
3292,9,0
3293,9,-1
3294,9,0
3295,9,-1
3296,9,0
3297,9,-1
3298,9,0
3299,9,-1
3300,9,0
3301,9,-1
3302,9,0
3303,9,-1
3304,9,0
3305,9,-1
3306,9,0
3307,9,-1
3308,9,0
3309,9,-1
3310,9,0
3311,9,-1
3312,9,0
3313,9,0
3314,9,0
3315,9,0
3316,9,0
3317,9,0
3318,9,0
3319,9,0
3320,9,0
3321,9,0
3322,9,-1
3323,9,0
3324,9,-1
3325,9,0
3326,9,-1
3327,9,0
3328,9,-1
3329,9,0
3330,9,-1
3331,9,0
3332,9,-1
3333,9,0
3334,9,-1
3335,9,0
3336,9,-1
3337,9,0
3338,9,-1
3339,9,0
3340,9,-1
3341,9,0
3342,9,-1
3343,9,0
3344,9,-1
3345,9,0
3346,9,-1
3347,9,0
3348,9,-1
3349,9,0
3350,9,0
3351,9,0
3352,9,0
3353,9,0
3354,9,0
3355,9,0
3356,9,0
3357,9,-1
3358,9,0
3359,9,-1
3360,9,0
3361,9,-1
3362,9,0
3363,9,-1
3364,9,0
3365,9,-1
3366,9,0
3367,9,-1
3368,9,0
3369,9,-1
3370,9,0
3371,9,-1
3372,9,0
3373,9,-1
3374,9,0
3375,9,-1
3376,9,0
3377,9,-1
3378,9,0
3379,9,-1
3380,9,0
3381,9,-1
3382,9,0
3383,9,0
3384,9,0
3385,9,0
3386,9,0
3387,9,0
3388,9,0
3389,9,0
3390,9,0
3391,9,0
3392,9,-1
3393,9,0
3394,9,-1
3395,9,0
3396,9,-1
3397,9,0
3398,9,-1
3399,9,0
3400,9,-1
3401,9,0
3402,9,-1
3403,9,0
3404,9,-1
3405,9,0
3406,9,-1
3407,9,0
3408,9,-1
3409,9,0
3410,9,-1
3411,9,0
3412,9,-1
3413,9,0
3414,9,-1
3415,9,0
3416,9,-1
3417,9,0
3418,9,-1
3419,9,0
3420,9,0
3421,9,0
3422,9,0
3423,9,0
3424,9,0
3425,9,0
3426,9,0
3427,9,0
3428,9,0
3429,9,0
3430,9,0
3431,9,-1
3432,9,0
3433,9,-1
3434,9,0
3435,9,-1
3436,9,0
3437,9,-1
3438,9,0
3439,9,-1
3440,9,0
3441,9,-1
3442,9,0
3443,9,-1
3444,9,0
3445,9,-1
3446,9,0
3447,9,-1
3448,9,0
3449,9,-1
3450,9,0
3451,9,-1
3452,9,0
3453,9,-1
3454,9,0
3455,9,-1
3456,9,0
3457,9,-1
3458,9,0
3459,9,-1
3460,9,0
3461,9,-1
3462,9,0
3463,9,-1
3464,9,0
3465,9,-1
3466,9,0
3467,9,-1
3468,9,0
3469,9,-1
3470,9,0
3471,9,-1
3472,9,0
3473,9,-1
3474,9,0
3475,9,0
3476,9,0
3477,9,0
3478,9,0
3479,9,-1
3480,9,0
3481,9,0
3482,9,0
3483,9,0
3484,9,0
3485,9,0
3486,9,0
3487,9,0
3488,9,0
3489,9,0
3490,9,-1
3491,9,0
3492,9,-1
3493,9,0
3494,9,-1
3495,9,0
3496,9,-1
3497,9,0
3498,9,-1
3499,9,0
3500,9,0
3501,9,0
3502,9,-1
3503,9,0
3504,9,-1
3505,9,0
3506,9,-1
3507,9,0
3508,9,-1
3509,9,0
3510,9,0
3511,9,0
3512,9,-1
3513,9,0
3514,9,-1
3515,9,0
3516,9,-1
3517,9,0
3518,9,-1
3519,9,0
3520,9,-1
3521,9,0
3522,9,-1
3523,9,0
3524,9,-1
3525,9,0
3526,9,-1
3527,9,0
3528,9,-1
3529,9,0
3530,9,-1
3531,9,0
3532,9,-1
3533,9,0
3534,9,-1
3535,9,0
3536,9,-1
3537,9,0
3538,9,-1
3539,9,0
3540,9,-1
3541,9,0
3542,9,-1
3543,9,0
3544,9,-1
3545,9,0
3546,9,-1
3547,9,0
3548,9,-1
3549,9,0
3550,9,-1
3551,9,0
3552,9,-1
3553,9,0
3554,9,0
3555,9,0
3556,10,-8
3557,10,-8
3558,10,-8
3559,10,-8
3560,10,-8
3561,10,-9
3562,10,-9
3563,10,-8
3564,10,-8
3565,10,-8
3566,10,-8
3567,10,-8
3568,10,-9
3569,10,-8
3570,10,-8
3571,10,-8
3572,10,-8
3573,10,-8
3574,10,-8
3575,10,-9
3576,10,-9
3577,10,-8
3578,10,-8
3579,10,-8
3580,10,-8
3581,10,-8
3582,10,-9
3583,10,-8
3584,10,-8
3585,10,-8
3586,10,-8
3587,10,-8
3588,10,-9
3589,10,-9
3590,10,-8
3591,10,-8
3592,10,-8
3593,10,-8
3594,10,-8
3595,10,-9
3596,10,-8
3597,10,-8
3598,10,-8
3599,10,-8
3600,10,-8
3601,10,-8
3602,10,-9
3603,10,-8
3604,10,-8
3605,10,-8
3606,10,-8
3607,10,-8
3608,10,-8
3609,10,-9
3610,10,-8
3611,10,-8
3612,10,-8
3613,10,-8
3614,10,-8
3615,10,-9
3616,10,-8
3617,10,-8
3618,10,-8
3619,10,-8
3620,10,-8
3621,10,-8
3622,10,-9
3623,10,-9
3624,10,-8
3625,10,-8
3626,10,-8
3627,10,-8
3628,10,-8
3629,10,-9
3630,10,-8
3631,10,-8
3632,10,-8
3633,10,-8
3634,10,-8
3635,10,-8
3636,10,-9
3637,10,-8
3638,10,-8
3639,10,-8
3640,10,-8
3641,10,-8
3642,10,-8
3643,10,-9
3644,10,-8
3645,10,-8
3646,10,-8
3647,10,-8
3648,10,-8
3649,10,-8
3650,10,-9
3651,10,-8
3652,10,-8
3653,10,-8
3654,10,-8
3655,10,-8
3656,10,-8
3657,10,-8
3658,10,-9
3659,10,-8
3660,10,-8
3661,10,-8
3662,10,-8
3663,10,-8
3664,10,-9
3665,10,-9
3666,10,-8
3667,10,-8
3668,10,-8
3669,10,-8
3670,10,-8
3671,10,-9
3672,10,-8
3673,10,-8
3674,10,-8
3675,10,-8
3676,10,-8
3677,10,-8
3678,10,-9
3679,10,-9
3680,10,-8
3681,10,-8
3682,10,-8
3683,10,-8
3684,10,-8
3685,10,-9
3686,10,-8
3687,10,-8
3688,10,-8
3689,10,-8
3690,10,-8
3691,10,-8
3692,10,-8
3693,10,-9
3694,10,-8
3695,10,-8
3696,10,-8
3697,10,-8
3698,10,-8
3699,10,-8
3700,10,-9
3701,10,-8
3702,10,-8
3703,10,-9
3704,10,-8
3705,10,-9
3706,10,-8
3707,10,-9
3708,10,-8
3709,10,-9
3710,10,-8
3711,10,-9
3712,10,-8
3713,10,-8
3714,10,-8
3715,10,-8
3716,10,-8
3717,10,-8
3718,10,-8
3719,10,-8
3720,10,-8
3721,10,-8
3722,10,-8
3723,10,-8
3724,10,-9
3725,10,-8
3726,10,-9
3727,10,-8
3728,10,-9
3729,10,-8
3730,10,-9
3731,10,-8
3732,10,-9
3733,10,-8
3734,10,-8
3735,10,-8
3736,10,-8
3737,10,-8
3738,10,-8
3739,10,-8
3740,10,-8
3741,10,-8
3742,10,-8
3743,10,-8
3744,10,-8
3745,10,-8
3746,10,-8
3747,10,-8
3748,10,-8
3749,10,-8
3750,10,-8
3751,10,-8
3752,10,-8
3753,10,-8
3754,10,-8
3755,10,-8
3756,10,-8
3757,10,-9
3758,10,-8
3759,10,-9
3760,10,-8
3761,10,-9
3762,10,-8
3763,10,-8
3764,10,-8
3765,10,-8
3766,10,-8
3767,10,-8
3768,10,-8
3769,10,-8
3770,10,-8
3771,10,-8
3772,10,-8
3773,10,-8
3774,10,-8
3775,10,-8
3776,10,-8
3777,10,-8
3778,10,-8
3779,10,-8
3780,10,-8
3781,10,-8
3782,10,-9
3783,10,-8
3784,10,-9
3785,10,-8
3786,10,-9
3787,10,-8
3788,10,-9
3789,10,-8
3790,10,-9
3791,10,-8
3792,10,-9
3793,10,-8
3794,10,-9
3795,10,-8
3796,10,-8
3797,10,-8
3798,10,-8
3799,10,-8
3800,10,-8
3801,10,-8
3802,10,-8
3803,10,-8
3804,10,-8
3805,10,-9
3806,10,-8
3807,10,-8
3808,10,-8
3809,10,-9
3810,10,-8
3811,10,-9
3812,10,-8
3813,10,-9
3814,10,-8
3815,10,-9
3816,10,-8
3817,10,-9
3818,10,-8
3819,10,-9
3820,10,-8
3821,10,-8
3822,10,-8
3823,10,-8
3824,10,-8
3825,10,-8
3826,10,-8
3827,10,-8
3828,10,-8
3829,10,-8
3830,10,-8
3831,10,-8
3832,10,-8
3833,10,-8
3834,10,-8
3835,10,-8
3836,10,-8
3837,10,-8
3838,10,-8
3839,10,-8
3840,10,-8
3841,10,-8
3842,10,-9
3843,10,-8
3844,10,-8
3845,10,-8
3846,10,-9
3847,10,-8
3848,10,-9
3849,10,-8
3850,10,-9
3851,10,-8
3852,10,-9
3853,10,-8
3854,10,-9
3855,10,-8
3856,10,-9
3857,10,-8
3858,10,-8
3859,10,-8
3860,10,-8
3861,10,-8
3862,10,-8
3863,10,-8
3864,10,-8
3865,10,-8
3866,10,-8
3867,10,-8
3868,10,-8
3869,10,-8
3870,10,-8
3871,10,-8
3872,10,-8
3873,10,-8
3874,10,-8
3875,10,-9
3876,10,-8
3877,10,-8
3878,10,-8
3879,10,-9
3880,10,-8
3881,10,-9
3882,10,-8
3883,10,-9
3884,10,-8
3885,10,-8
3886,10,-8
3887,10,-9
3888,10,-8
3889,10,-9
3890,10,-8
3891,10,-8
3892,10,-8
3893,10,-8
3894,10,-8
3895,10,-8
3896,10,-8
3897,10,-8
3898,10,-8
3899,10,-8
3900,10,-8
3901,10,-8
3902,10,-8
3903,10,-8
3904,10,-8
3905,10,-8
3906,10,-8
3907,10,-8
3908,10,-8
3909,10,-8
3910,10,-8
3911,10,-8
3912,10,-8
3913,10,-8
3914,10,-8
3915,10,-8
3916,10,-9
3917,10,-8
3918,10,-8
3919,10,-8
3920,10,-9
3921,10,-8
3922,10,-9
3923,10,-8
3924,10,-9
3925,10,-8
3926,10,-9
3927,10,-8
3928,10,-8
3929,10,-8
3930,10,-8
3931,10,-8
3932,10,-8
3933,10,-8
3934,10,-8
3935,10,-8
3936,10,-8
3937,10,-8
3938,10,-8
3939,10,-8
3940,10,-8
3941,10,-8
3942,10,-8
3943,10,-8
3944,10,-8
3945,10,-8
3946,10,-8
3947,10,-8
3948,10,-8
3949,10,-8
3950,10,-8
3951,10,-8
3952,10,-8
3953,10,-8
3954,10,-8
3955,10,-8
3956,10,-8
3957,10,-8
3958,10,-8
3959,10,-8
3960,10,-8
3961,10,-9
3962,10,-8
3963,10,-9
3964,10,-8
3965,10,-9
3966,10,-8
3967,10,-9
3968,10,-8
3969,10,-9
3970,10,-8
3971,10,-9
3972,10,-8
3973,10,-9
3974,10,-8
3975,10,-9
3976,10,-8
3977,10,-9
3978,10,-8
3979,10,-9
3980,10,-8
3981,10,-9
3982,10,-8
3983,10,-8
3984,10,-8
3985,10,-8
3986,10,-8
3987,10,-9
3988,10,-8
3989,10,-8
3990,10,-8
3991,10,-8
3992,10,-8
3993,10,-8
3994,10,-8
3995,10,-8
3996,10,-8
3997,10,-8
3998,10,-8
3999,10,-8
4000,10,-8
4001,10,-8
4002,10,-8
4003,10,-8
4004,10,-8
4005,10,-8
4006,10,-8
4007,10,-8
4008,10,-8
4009,10,-8
4010,10,-8
4011,10,-8
4012,10,-8
4013,10,-8
4014,10,-8
4015,10,-8
4016,10,-8
4017,10,-8
4018,10,-8
4019,10,-8
4020,10,-8
4021,10,-8
4022,10,-9
4023,10,-8
4024,10,-8
4025,10,-8
4026,10,-8
4027,10,-8
4028,10,-8
4029,10,-8
4030,10,-9
4031,10,-8
4032,10,-9
4033,10,-8
4034,10,-9
4035,10,-8
4036,10,-8
4037,10,-8
4038,10,-8
4039,10,-8
4040,10,-8
4041,10,-8
4042,10,-8
4043,10,-8
4044,10,-9
4045,10,-8
4046,10,-9
4047,10,-8
4048,10,-9
4049,10,-8
4050,10,-9
4051,10,-8
4052,10,-9
4053,10,-8
4054,10,-9
4055,10,-8
4056,10,-9
4057,10,-8
4058,10,-9
4059,10,-8
4060,10,-9
4061,10,-8
4062,10,-8
4063,10,-8
4064,11,-13
4065,11,-13
4066,11,-13
4067,11,-13
4068,11,-13
4069,11,-13
4070,11,-14
4071,11,-13
4072,11,-13
4073,11,-13
4074,11,-13
4075,11,-13
4076,11,-13
4077,11,-13
4078,11,-13
4079,11,-13
4080,11,-13
4081,11,-13
4082,11,-13
4083,11,-13
4084,11,-14
4085,11,-13
4086,11,-13
4087,11,-13
4088,11,-13
4089,11,-13
4090,11,-14
4091,11,-13
4092,11,-13
4093,11,-13
4094,11,-13
4095,11,-13
4096,11,-13
4097,11,-13
4098,11,-13
4099,11,-13
4100,11,-13
4101,11,-13
4102,11,-13
4103,11,-14
4104,11,-13
4105,11,-13
4106,11,-13
4107,11,-13
4108,11,-13
4109,11,-13
4110,11,-13
4111,11,-13
4112,11,-13
4113,11,-13
4114,11,-13
4115,11,-13
4116,11,-13
4117,11,-14
4118,11,-13
4119,11,-13
4120,11,-13
4121,11,-13
4122,11,-13
4123,11,-13
4124,11,-13
4125,11,-13
4126,11,-13
4127,11,-13
4128,11,-13
4129,11,-13
4130,11,-13
4131,11,-14
4132,11,-13
4133,11,-13
4134,11,-13
4135,11,-13
4136,11,-13
4137,11,-13
4138,11,-13
4139,11,-13
4140,11,-13
4141,11,-13
4142,11,-13
4143,11,-13
4144,11,-13
4145,11,-13
4146,11,-13
4147,11,-13
4148,11,-13
4149,11,-13
4150,11,-13
4151,11,-13
4152,11,-12
4153,11,-13
4154,11,-13
4155,11,-13
4156,11,-13
4157,11,-13
4158,11,-13
4159,11,-13
4160,11,-13
4161,11,-13
4162,11,-13
4163,11,-13
4164,11,-13
4165,11,-13
4166,11,-14
4167,11,-13
4168,11,-13
4169,11,-13
4170,11,-13
4171,11,-13
4172,11,-13
4173,11,-14
4174,11,-13
4175,11,-13
4176,11,-13
4177,11,-13
4178,11,-13
4179,11,-13
4180,11,-13
4181,11,-13
4182,11,-13
4183,11,-13
4184,11,-13
4185,11,-13
4186,11,-13
4187,11,-14
4188,11,-13
4189,11,-13
4190,11,-13
4191,11,-13
4192,11,-13
4193,11,-13
4194,11,-13
4195,11,-13
4196,11,-13
4197,11,-13
4198,11,-13
4199,11,-13
4200,11,-13
4201,11,-13
4202,11,-13
4203,11,-13
4204,11,-13
4205,11,-13
4206,11,-13
4207,11,-13
4208,11,-13
4209,11,-13
4210,11,-13
4211,11,-14
4212,11,-13
4213,11,-14
4214,11,-13
4215,11,-14
4216,11,-13
4217,11,-14
4218,11,-13
4219,11,-14
4220,11,-13
4221,11,-13
4222,11,-13
4223,11,-13
4224,11,-13
4225,11,-13
4226,11,-13
4227,11,-13
4228,11,-13
4229,11,-13
4230,11,-13
4231,11,-13
4232,11,-13
4233,11,-13
4234,11,-13
4235,11,-13
4236,11,-13
4237,11,-13
4238,11,-13
4239,11,-13
4240,11,-14
4241,11,-13
4242,11,-13
4243,11,-13
4244,11,-13
4245,11,-13
4246,11,-13
4247,11,-13
4248,11,-13
4249,11,-13
4250,11,-13
4251,11,-13
4252,11,-13
4253,11,-13
4254,11,-13
4255,11,-13
4256,11,-13
4257,11,-13
4258,11,-13
4259,11,-13
4260,11,-13
4261,11,-13
4262,11,-13
4263,11,-13
4264,11,-13
4265,11,-13
4266,11,-13
4267,11,-13
4268,11,-13
4269,11,-14
4270,11,-13
4271,11,-13
4272,11,-13
4273,11,-13
4274,11,-13
4275,11,-13
4276,11,-13
4277,11,-13
4278,11,-13
4279,11,-13
4280,11,-13
4281,11,-13
4282,11,-13
4283,11,-13
4284,11,-13
4285,11,-13
4286,11,-13
4287,11,-13
4288,11,-13
4289,11,-13
4290,11,-13
4291,11,-13
4292,11,-13
4293,11,-13
4294,11,-13
4295,11,-13
4296,11,-14
4297,11,-13
4298,11,-14
4299,11,-13
4300,11,-14
4301,11,-13
4302,11,-14
4303,11,-13
4304,11,-13
4305,11,-13
4306,11,-13
4307,11,-13
4308,11,-13
4309,11,-13
4310,11,-13
4311,11,-13
4312,11,-13
4313,11,-13
4314,11,-13
4315,11,-13
4316,11,-13
4317,11,-13
4318,11,-13
4319,11,-13
4320,11,-13
4321,11,-13
4322,11,-13
4323,11,-13
4324,11,-13
4325,11,-13
4326,11,-13
4327,11,-13
4328,11,-13
4329,11,-12
4330,11,-13
4331,11,-13
4332,11,-13
4333,11,-13
4334,11,-13
4335,11,-13
4336,11,-13
4337,11,-13
4338,11,-13
4339,11,-13
4340,11,-13
4341,11,-13
4342,11,-13
4343,11,-13
4344,11,-13
4345,11,-13
4346,11,-13
4347,11,-13
4348,11,-13
4349,11,-13
4350,11,-13
4351,11,-13
4352,11,-13
4353,11,-13
4354,11,-13
4355,11,-13
4356,11,-13
4357,11,-13
4358,11,-13
4359,11,-13
4360,11,-14
4361,11,-13
4362,11,-14
4363,11,-13
4364,11,-14
4365,11,-13
4366,11,-13
4367,11,-13
4368,11,-13
4369,11,-13
4370,11,-13
4371,11,-13
4372,11,-13
4373,11,-13
4374,11,-13
4375,11,-13
4376,11,-13
4377,11,-13
4378,11,-13
4379,11,-13
4380,11,-13
4381,11,-13
4382,11,-13
4383,11,-13
4384,11,-13
4385,11,-13
4386,11,-13
4387,11,-13
4388,11,-13
4389,11,-13
4390,11,-13
4391,11,-13
4392,11,-13
4393,11,-13
4394,11,-13
4395,11,-13
4396,11,-13
4397,11,-13
4398,11,-13
4399,11,-13
4400,11,-13
4401,11,-13
4402,11,-13
4403,11,-13
4404,11,-13
4405,11,-13
4406,11,-13
4407,11,-13
4408,11,-13
4409,11,-13
4410,11,-13
4411,11,-13
4412,11,-13
4413,11,-13
4414,11,-13
4415,11,-13
4416,11,-13
4417,11,-13
4418,11,-13
4419,11,-13
4420,11,-13
4421,11,-13
4422,11,-13
4423,11,-13
4424,11,-13
4425,11,-13
4426,11,-13
4427,11,-13
4428,11,-13
4429,11,-13
4430,11,-13
4431,11,-13
4432,11,-13
4433,11,-13
4434,11,-14
4435,11,-13
4436,11,-13
4437,11,-13
4438,11,-13
4439,11,-13
4440,11,-13
4441,11,-13
4442,11,-13
4443,11,-13
4444,11,-13
4445,11,-13
4446,11,-13
4447,11,-13
4448,11,-13
4449,11,-13
4450,11,-13
4451,11,-13
4452,11,-13
4453,11,-13
4454,11,-13
4455,11,-13
4456,11,-13
4457,11,-13
4458,11,-13
4459,11,-13
4460,11,-13
4461,11,-13
4462,11,-13
4463,11,-13
4464,11,-13
4465,11,-13
4466,11,-13
4467,11,-13
4468,11,-13
4469,11,-13
4470,11,-13
4471,11,-13
4472,11,-13
4473,11,-13
4474,11,-13
4475,11,-13
4476,11,-13
4477,11,-13
4478,11,-13
4479,11,-13
4480,11,-13
4481,11,-13
4482,11,-13
4483,11,-13
4484,11,-13
4485,11,-13
4486,11,-13
4487,11,-13
4488,11,-13
4489,11,-13
4490,11,-13
4491,11,-12
4492,11,-13
4493,11,-13
4494,11,-13
4495,11,-14
4496,11,-13
4497,11,-13
4498,11,-13
4499,11,-13
4500,11,-13
4501,11,-13
4502,11,-13
4503,11,-13
4504,11,-13
4505,11,-13
4506,11,-13
4507,11,-13
4508,11,-13
4509,11,-13
4510,11,-13
4511,11,-13
4512,11,-13
4513,11,-13
4514,11,-13
4515,11,-13
4516,11,-13
4517,11,-13
4518,11,-13
4519,11,-13
4520,11,-13
4521,11,-13
4522,11,-13
4523,11,-13
4524,11,-13
4525,11,-13
4526,11,-13
4527,11,-13
4528,11,-13
4529,11,-13
4530,11,-13
4531,11,-13
4532,11,-13
4533,11,-13
4534,11,-13
4535,11,-13
4536,11,-13
4537,11,-13
4538,11,-13
4539,11,-13
4540,11,-13
4541,11,-13
4542,11,-13
4543,11,-13
4544,11,-13
4545,11,-13
4546,11,-13
4547,11,-13
4548,11,-13
4549,11,-13
4550,11,-13
4551,11,-13
4552,11,-13
4553,11,-13
4554,11,-13
4555,11,-13
4556,11,-14
4557,11,-13
4558,11,-13
4559,11,-13
4560,11,-13
4561,11,-13
4562,11,-13
4563,11,-13
4564,11,-14
4565,11,-13
4566,11,-13
4567,11,-13
4568,11,-13
4569,11,-13
4570,11,-12
4571,11,-13
4572,12,-4
4573,12,-4
4574,12,-4
4575,12,-4
4576,12,-4
4577,12,-5
4578,12,-5
4579,12,-4
4580,12,-4
4581,12,-4
4582,12,-4
4583,12,-4
4584,12,-4
4585,12,-4
4586,12,-4
4587,12,-4
4588,12,-4
4589,12,-4
4590,12,-5
4591,12,-5
4592,12,-5
4593,12,-4
4594,12,-4
4595,12,-4
4596,12,-4
4597,12,-4
4598,12,-5
4599,12,-4
4600,12,-4
4601,12,-4
4602,12,-4
4603,12,-4
4604,12,-4
4605,12,-5
4606,12,-4
4607,12,-4
4608,12,-4
4609,12,-4
4610,12,-4
4611,12,-5
4612,12,-4
4613,12,-4
4614,12,-4
4615,12,-4
4616,12,-4
4617,12,-4
4618,12,-5
4619,12,-4
4620,12,-4
4621,12,-4
4622,12,-4
4623,12,-4
4624,12,-4
4625,12,-5
4626,12,-4
4627,12,-4
4628,12,-4
4629,12,-4
4630,12,-4
4631,12,-5
4632,12,-4
4633,12,-4
4634,12,-4
4635,12,-4
4636,12,-4
4637,12,-4
4638,12,-4
4639,12,-5
4640,12,-4
4641,12,-4
4642,12,-4
4643,12,-4
4644,12,-4
4645,12,-5
4646,12,-4
4647,12,-4
4648,12,-4
4649,12,-4
4650,12,-4
4651,12,-4
4652,12,-5
4653,12,-4
4654,12,-4
4655,12,-4
4656,12,-4
4657,12,-4
4658,12,-4
4659,12,-5
4660,12,-4
4661,12,-4
4662,12,-4
4663,12,-4
4664,12,-4
4665,12,-4
4666,12,-5
4667,12,-4
4668,12,-4
4669,12,-4
4670,12,-4
4671,12,-4
4672,12,-4
4673,12,-4
4674,12,-5
4675,12,-4
4676,12,-4
4677,12,-4
4678,12,-4
4679,12,-4
4680,12,-5
4681,12,-5
4682,12,-4
4683,12,-4
4684,12,-4
4685,12,-4
4686,12,-4
4687,12,-4
4688,12,-4
4689,12,-4
4690,12,-4
4691,12,-4
4692,12,-4
4693,12,-4
4694,12,-5
4695,12,-5
4696,12,-4
4697,12,-4
4698,12,-4
4699,12,-4
4700,12,-4
4701,12,-4
4702,12,-4
4703,12,-4
4704,12,-4
4705,12,-4
4706,12,-4
4707,12,-4
4708,12,-4
4709,12,-5
4710,12,-4
4711,12,-4
4712,12,-4
4713,12,-4
4714,12,-4
4715,12,-4
4716,12,-5
4717,12,-4
4718,12,-4
4719,12,-4
4720,12,-4
4721,12,-5
4722,12,-4
4723,12,-5
4724,12,-4
4725,12,-5
4726,12,-4
4727,12,-5
4728,12,-4
4729,12,-4
4730,12,-4
4731,12,-4
4732,12,-4
4733,12,-4
4734,12,-4
4735,12,-4
4736,12,-4
4737,12,-4
4738,12,-4
4739,12,-4
4740,12,-4
4741,12,-4
4742,12,-4
4743,12,-4
4744,12,-5
4745,12,-4
4746,12,-5
4747,12,-4
4748,12,-5
4749,12,-4
4750,12,-4
4751,12,-4
4752,12,-4
4753,12,-4
4754,12,-4
4755,12,-4
4756,12,-4
4757,12,-4
4758,12,-4
4759,12,-4
4760,12,-4
4761,12,-4
4762,12,-4
4763,12,-4
4764,12,-4
4765,12,-4
4766,12,-4
4767,12,-4
4768,12,-4
4769,12,-5
4770,12,-4
4771,12,-5
4772,12,-4
4773,12,-5
4774,12,-4
4775,12,-5
4776,12,-4
4777,12,-5
4778,12,-4
4779,12,-4
4780,12,-4
4781,12,-4
4782,12,-4
4783,12,-4
4784,12,-4
4785,12,-4
4786,12,-4
4787,12,-4
4788,12,-4
4789,12,-4
4790,12,-4
4791,12,-4
4792,12,-4
4793,12,-4
4794,12,-4
4795,12,-4
4796,12,-4
4797,12,-4
4798,12,-4
4799,12,-4
4800,12,-4
4801,12,-4
4802,12,-5
4803,12,-4
4804,12,-5
4805,12,-4
4806,12,-5
4807,12,-4
4808,12,-5
4809,12,-4
4810,12,-5
4811,12,-4
4812,12,-4
4813,12,-4
4814,12,-4
4815,12,-4
4816,12,-4
4817,12,-4
4818,12,-4
4819,12,-4
4820,12,-4
4821,12,-4
4822,12,-4
4823,12,-4
4824,12,-4
4825,12,-4
4826,12,-4
4827,12,-4
4828,12,-4
4829,12,-4
4830,12,-4
4831,12,-5
4832,12,-4
4833,12,-5
4834,12,-4
4835,12,-5
4836,12,-4
4837,12,-4
4838,12,-4
4839,12,-4
4840,12,-4
4841,12,-4
4842,12,-4
4843,12,-4
4844,12,-4
4845,12,-4
4846,12,-4
4847,12,-4
4848,12,-4
4849,12,-4
4850,12,-4
4851,12,-4
4852,12,-4
4853,12,-4
4854,12,-4
4855,12,-4
4856,12,-5
4857,12,-4
4858,12,-4
4859,12,-4
4860,12,-5
4861,12,-4
4862,12,-4
4863,12,-4
4864,12,-4
4865,12,-4
4866,12,-5
4867,12,-4
4868,12,-5
4869,12,-4
4870,12,-5
4871,12,-4
4872,12,-5
4873,12,-4
4874,12,-4
4875,12,-4
4876,12,-4
4877,12,-4
4878,12,-4
4879,12,-4
4880,12,-4
4881,12,-4
4882,12,-4
4883,12,-4
4884,12,-4
4885,12,-4
4886,12,-4
4887,12,-4
4888,12,-4
4889,12,-4
4890,12,-4
4891,12,-4
4892,12,-4
4893,12,-4
4894,12,-4
4895,12,-4
4896,12,-4
4897,12,-4
4898,12,-4
4899,12,-5
4900,12,-4
4901,12,-5
4902,12,-4
4903,12,-5
4904,12,-4
4905,12,-5
4906,12,-4
4907,12,-4
4908,12,-4
4909,12,-4
4910,12,-4
4911,12,-4
4912,12,-4
4913,12,-4
4914,12,-4
4915,12,-4
4916,12,-4
4917,12,-4
4918,12,-4
4919,12,-4
4920,12,-4
4921,12,-4
4922,12,-4
4923,12,-4
4924,12,-4
4925,12,-4
4926,12,-4
4927,12,-4
4928,12,-4
4929,12,-4
4930,12,-4
4931,12,-4
4932,12,-4
4933,12,-4
4934,12,-4
4935,12,-4
4936,12,-4
4937,12,-4
4938,12,-5
4939,12,-4
4940,12,-5
4941,12,-4
4942,12,-5
4943,12,-4
4944,12,-4
4945,12,-4
4946,12,-4
4947,12,-4
4948,12,-4
4949,12,-4
4950,12,-4
4951,12,-4
4952,12,-4
4953,12,-4
4954,12,-4
4955,12,-4
4956,12,-4
4957,12,-4
4958,12,-4
4959,12,-4
4960,12,-4
4961,12,-4
4962,12,-4
4963,12,-4
4964,12,-4
4965,12,-4
4966,12,-4
4967,12,-4
4968,12,-4
4969,12,-4
4970,12,-4
4971,12,-4
4972,12,-4
4973,12,-5
4974,12,-4
4975,12,-4
4976,12,-4
4977,12,-5
4978,12,-4
4979,12,-5
4980,12,-4
4981,12,-4
4982,12,-4
4983,12,-4
4984,12,-4
4985,12,-4
4986,12,-4
4987,12,-5
4988,12,-4
4989,12,-4
4990,12,-4
4991,12,-4
4992,12,-4
4993,12,-5
4994,12,-4
4995,12,-5
4996,12,-4
4997,12,-5
4998,12,-4
4999,12,-4
5000,12,-4
5001,12,-4
5002,12,-4
5003,12,-5
5004,12,-4
5005,12,-4
5006,12,-4
5007,12,-4
5008,12,-4
5009,12,-4
5010,12,-4
5011,12,-4
5012,12,-4
5013,12,-4
5014,12,-4
5015,12,-4
5016,12,-4
5017,12,-4
5018,12,-4
5019,12,-4
5020,12,-4
5021,12,-4
5022,12,-4
5023,12,-4
5024,12,-4
5025,12,-4
5026,12,-4
5027,12,-4
5028,12,-4
5029,12,-4
5030,12,-4
5031,12,-4
5032,12,-4
5033,12,-4
5034,12,-4
5035,12,-4
5036,12,-4
5037,12,-4
5038,12,-4
5039,12,-4
5040,12,-4
5041,12,-4
5042,12,-4
5043,12,-4
5044,12,-4
5045,12,-4
5046,12,-5
5047,12,-4
5048,12,-4
5049,12,-4
5050,12,-5
5051,12,-4
5052,12,-5
5053,12,-4
5054,12,-4
5055,12,-4
5056,12,-4
5057,12,-4
5058,12,-4
5059,12,-4
5060,12,-5
5061,12,-4
5062,12,-5
5063,12,-4
5064,12,-5
5065,12,-4
5066,12,-5
5067,12,-4
5068,12,-5
5069,12,-4
5070,12,-5
5071,12,-4
5072,12,-5
5073,12,-4
5074,12,-5
5075,12,-4
5076,12,-5
5077,12,-4
5078,12,-4
5079,12,-4
5080,13,1
5081,13,1
5082,13,0
5083,13,0
5084,13,0
5085,13,0
5086,13,0
5087,13,1
5088,13,1
5089,13,0
5090,13,0
5091,13,0
5092,13,0
5093,13,1
5094,13,1
5095,13,1
5096,13,0
5097,13,0
5098,13,0
5099,13,0
5100,13,0
5101,13,1
5102,13,0
5103,13,0
5104,13,0
5105,13,0
5106,13,0
5107,13,1
5108,13,1
5109,13,1
5110,13,0
5111,13,0
5112,13,0
5113,13,0
5114,13,1
5115,13,1
5116,13,0
5117,13,0
5118,13,0
5119,13,0
5120,13,1
5121,13,1
5122,13,0
5123,13,0
5124,13,0
5125,13,0
5126,13,0
5127,13,1
5128,13,1
5129,13,1
5130,13,0
5131,13,0
5132,13,0
5133,13,0
5134,13,1
5135,13,1
5136,13,0
5137,13,0
5138,13,0
5139,13,0
5140,13,1
5141,13,1
5142,13,1
5143,13,1
5144,13,0
5145,13,0
5146,13,0
5147,13,0
5148,13,1
5149,13,1
5150,13,0
5151,13,0
5152,13,0
5153,13,0
5154,13,1
5155,13,1
5156,13,1
5157,13,0
5158,13,0
5159,13,0
5160,13,0
5161,13,1
5162,13,1
5163,13,1
5164,13,0
5165,13,0
5166,13,0
5167,13,0
5168,13,1
5169,13,1
5170,13,1
5171,13,0
5172,13,0
5173,13,0
5174,13,0
5175,13,1
5176,13,1
5177,13,1
5178,13,0
5179,13,0
5180,13,0
5181,13,0
5182,13,0
5183,13,1
5184,13,1
5185,13,0
5186,13,0
5187,13,0
5188,13,0
5189,13,0
5190,13,1
5191,13,1
5192,13,1
5193,13,0
5194,13,0
5195,13,0
5196,13,1
5197,13,1
5198,13,1
5199,13,1
5200,13,0
5201,13,0
5202,13,0
5203,13,0
5204,13,1
5205,13,1
5206,13,0
5207,13,0
5208,13,0
5209,13,0
5210,13,1
5211,13,1
5212,13,1
5213,13,1
5214,13,0
5215,13,0
5216,13,0
5217,13,0
5218,13,1
5219,13,1
5220,13,1
5221,13,0
5222,13,0
5223,13,0
5224,13,0
5225,13,1
5226,13,1
5227,13,0
5228,13,1
5229,13,0
5230,13,0
5231,13,0
5232,13,0
5233,13,0
5234,13,0
5235,13,0
5236,13,0
5237,13,1
5238,13,0
5239,13,1
5240,13,0
5241,13,1
5242,13,0
5243,13,1
5244,13,0
5245,13,1
5246,13,0
5247,13,1
5248,13,0
5249,13,1
5250,13,0
5251,13,1
5252,13,0
5253,13,0
5254,13,0
5255,13,0
5256,13,0
5257,13,0
5258,13,1
5259,13,0
5260,13,1
5261,13,0
5262,13,1
5263,13,0
5264,13,1
5265,13,0
5266,13,1
5267,13,0
5268,13,1
5269,13,0
5270,13,1
5271,13,0
5272,13,1
5273,13,0
5274,13,1
5275,13,0
5276,13,1
5277,13,0
5278,13,0
5279,13,0
5280,13,1
5281,13,0
5282,13,0
5283,13,0
5284,13,0
5285,13,0
5286,13,0
5287,13,1
5288,13,0
5289,13,1
5290,13,0
5291,13,1
5292,13,0
5293,13,1
5294,13,0
5295,13,1
5296,13,0
5297,13,1
5298,13,0
5299,13,1
5300,13,0
5301,13,1
5302,13,0
5303,13,1
5304,13,0
5305,13,1
5306,13,0
5307,13,1
5308,13,0
5309,13,1
5310,13,0
5311,13,0
5312,13,0
5313,13,0
5314,13,0
5315,13,0
5316,13,0
5317,13,0
5318,13,0
5319,13,0
5320,13,1
5321,13,0
5322,13,1
5323,13,0
5324,13,1
5325,13,0
5326,13,1
5327,13,0
5328,13,1
5329,13,0
5330,13,1
5331,13,0
5332,13,1
5333,13,0
5334,13,1
5335,13,0
5336,13,1
5337,13,0
5338,13,1
5339,13,0
5340,13,0
5341,13,0
5342,13,0
5343,13,0
5344,13,0
5345,13,1
5346,13,0
5347,13,1
5348,13,0
5349,13,1
5350,13,0
5351,13,1
5352,13,0
5353,13,1
5354,13,0
5355,13,1
5356,13,0
5357,13,1
5358,13,0
5359,13,1
5360,13,0
5361,13,1
5362,13,0
5363,13,1
5364,13,0
5365,13,1
5366,13,0
5367,13,1
5368,13,0
5369,13,0
5370,13,0
5371,13,1
5372,13,0
5373,13,0
5374,13,0
5375,13,0
5376,13,0
5377,13,0
5378,13,0
5379,13,0
5380,13,0
5381,13,0
5382,13,1
5383,13,0
5384,13,1
5385,13,0
5386,13,1
5387,13,0
5388,13,1
5389,13,0
5390,13,1
5391,13,0
5392,13,1
5393,13,0
5394,13,1
5395,13,0
5396,13,1
5397,13,0
5398,13,1
5399,13,0
5400,13,1
5401,13,0
5402,13,1
5403,13,0
5404,13,1
5405,13,0
5406,13,0
5407,13,0
5408,13,1
5409,13,0
5410,13,0
5411,13,0
5412,13,0
5413,13,0
5414,13,0
5415,13,1
5416,13,0
5417,13,1
5418,13,0
5419,13,1
5420,13,0
5421,13,1
5422,13,0
5423,13,1
5424,13,0
5425,13,1
5426,13,0
5427,13,1
5428,13,0
5429,13,1
5430,13,0
5431,13,1
5432,13,0
5433,13,1
5434,13,0
5435,13,1
5436,13,0
5437,13,1
5438,13,0
5439,13,1
5440,13,0
5441,13,1
5442,13,0
5443,13,0
5444,13,0
5445,13,0
5446,13,0
5447,13,0
5448,13,0
5449,13,0
5450,13,0
5451,13,0
5452,13,1
5453,13,0
5454,13,1
5455,13,0
5456,13,1
5457,13,0
5458,13,1
5459,13,0
5460,13,1
5461,13,0
5462,13,1
5463,13,0
5464,13,1
5465,13,0
5466,13,1
5467,13,0
5468,13,1
5469,13,0
5470,13,1
5471,13,0
5472,13,1
5473,13,0
5474,13,1
5475,13,0
5476,13,1
5477,13,0
5478,13,1
5479,13,0
5480,13,1
5481,13,0
5482,13,1
5483,13,0
5484,13,1
5485,13,0
5486,13,1
5487,13,0
5488,13,1
5489,13,0
5490,13,1
5491,13,0
5492,13,1
5493,13,0
5494,13,1
5495,13,0
5496,13,0
5497,13,0
5498,13,1
5499,13,0
5500,13,0
5501,13,0
5502,13,0
5503,13,0
5504,13,0
5505,13,0
5506,13,0
5507,13,1
5508,13,0
5509,13,1
5510,13,0
5511,13,0
5512,13,0
5513,13,1
5514,13,0
5515,13,1
5516,13,0
5517,13,1
5518,13,0
5519,13,1
5520,13,0
5521,13,1
5522,13,0
5523,13,1
5524,13,0
5525,13,1
5526,13,0
5527,13,1
5528,13,0
5529,13,1
5530,13,0
5531,13,1
5532,13,0
5533,13,1
5534,13,0
5535,13,1
5536,13,0
5537,13,1
5538,13,0
5539,13,1
5540,13,0
5541,13,1
5542,13,0
5543,13,1
5544,13,0
5545,13,1
5546,13,0
5547,13,1
5548,13,0
5549,13,1
5550,13,0
5551,13,1
5552,13,0
5553,13,1
5554,13,0
5555,13,1
5556,13,0
5557,13,1
5558,13,0
5559,13,1
5560,13,0
5561,13,1
5562,13,0
5563,13,1
5564,13,0
5565,13,1
5566,13,0
5567,13,1
5568,13,0
5569,13,1
5570,13,0
5571,13,1
5572,13,0
5573,13,1
5574,13,0
5575,13,0
5576,13,0
5577,13,0
5578,13,0
5579,13,0
5580,13,0
5581,13,0
5582,13,0
5583,13,0
5584,13,0
5585,13,0
5586,13,1
5587,13,0
5588,14,6
5589,14,6
5590,14,6
5591,14,6
5592,14,6
5593,14,6
5594,14,6
5595,14,6
5596,14,6
5597,14,6
5598,14,6
5599,14,6
5600,14,6
5601,14,7
5602,14,6
5603,14,6
5604,14,6
5605,14,6
5606,14,6
5607,14,6
5608,14,6
5609,14,6
5610,14,6
5611,14,6
5612,14,6
5613,14,6
5614,14,6
5615,14,7
5616,14,6
5617,14,6
5618,14,6
5619,14,6
5620,14,6
5621,14,6
5622,14,6
5623,14,6
5624,14,6
5625,14,6
5626,14,6
5627,14,6
5628,14,7
5629,14,6
5630,14,6
5631,14,6
5632,14,6
5633,14,6
5634,14,6
5635,14,7
5636,14,6
5637,14,6
5638,14,6
5639,14,6
5640,14,6
5641,14,6
5642,14,6
5643,14,6
5644,14,6
5645,14,6
5646,14,6
5647,14,6
5648,14,7
5649,14,6
5650,14,6
5651,14,6
5652,14,6
5653,14,6
5654,14,6
5655,14,6
5656,14,6
5657,14,6
5658,14,6
5659,14,6
5660,14,6
5661,14,6
5662,14,7
5663,14,6
5664,14,6
5665,14,6
5666,14,6
5667,14,6
5668,14,6
5669,14,7
5670,14,7
5671,14,6
5672,14,6
5673,14,6
5674,14,6
5675,14,6
5676,14,7
5677,14,6
5678,14,6
5679,14,6
5680,14,6
5681,14,6
5682,14,6
5683,14,7
5684,14,6
5685,14,6
5686,14,6
5687,14,6
5688,14,6
5689,14,6
5690,14,6
5691,14,6
5692,14,6
5693,14,6
5694,14,6
5695,14,6
5696,14,6
5697,14,6
5698,14,6
5699,14,6
5700,14,6
5701,14,6
5702,14,6
5703,14,6
5704,14,7
5705,14,6
5706,14,6
5707,14,6
5708,14,6
5709,14,6
5710,14,-7
5711,14,-6
5712,14,-6
5713,14,-6
5714,14,-6
5715,14,-6
5716,14,-7
5717,14,-6
5718,14,-6
5719,14,-6
5720,14,-6
5721,14,-6
5722,14,-7
5723,14,-7
5724,14,-7
5725,14,-6
5726,14,-6
5727,14,-6
5728,14,-6
5729,14,-7
5730,14,-7
5731,14,-7
5732,14,-6
5733,14,-6
5734,14,-7
5735,14,-6
5736,14,-7
5737,14,-6
5738,14,-7
5739,14,-6
5740,14,-7
5741,14,-6
5742,14,-7
5743,14,-6
5744,14,-6
5745,14,-7
5746,14,-6
5747,14,-7
5748,14,-6
5749,14,-7
5750,14,-6
5751,14,-7
5752,14,-6
5753,14,-7
5754,14,-6
5755,14,-7
5756,14,-6
5757,14,-7
5758,14,-6
5759,14,-7
5760,14,-6
5761,14,-7
5762,14,-6
5763,14,-7
5764,14,-6
5765,14,-6
5766,14,-6
5767,14,-6
5768,14,-7
5769,14,-6
5770,14,-7
5771,14,-6
5772,14,-7
5773,14,-6
5774,14,-7
5775,14,-6
5776,14,-7
5777,14,-6
5778,14,-7
5779,14,-6
5780,14,-7
5781,14,-6
5782,14,-7
5783,14,-6
5784,14,-7
5785,14,-6
5786,14,-7
5787,14,-6
5788,14,-7
5789,14,-6
5790,14,-7
5791,14,-6
5792,14,-7
5793,14,-6
5794,14,-6
5795,14,-7
5796,14,-6
5797,14,-6
5798,14,-6
5799,14,-7
5800,14,-6
5801,14,-7
5802,14,-6
5803,14,-7
5804,14,-6
5805,14,-7
5806,14,-6
5807,14,-7
5808,14,-6
5809,14,-7
5810,14,-6
5811,14,-7
5812,14,-6
5813,14,-7
5814,14,-6
5815,14,-7
5816,14,-6
5817,14,-7
5818,14,-6
5819,14,-7
5820,14,-6
5821,14,-7
5822,14,-6
5823,14,-7
5824,14,-6
5825,14,-7
5826,14,-6
5827,14,-6
5828,14,-7
5829,14,-6
5830,14,-7
5831,14,-6
5832,14,-7
5833,14,-6
5834,14,-7
5835,14,-6
5836,14,-7
5837,14,-6
5838,14,-7
5839,14,-6
5840,14,-7
5841,14,-6
5842,14,-7
5843,14,-6
5844,14,-7
5845,14,-6
5846,14,-7
5847,14,-6
5848,14,-7
5849,14,-6
5850,14,-7
5851,14,-6
5852,14,-6
5853,14,-6
5854,14,-6
5855,14,-7
5856,14,-6
5857,14,-7
5858,14,-6
5859,14,-7
5860,14,-6
5861,14,-7
5862,14,-6
5863,14,-7
5864,14,-6
5865,14,-7
5866,14,-6
5867,14,-7
5868,14,-6
5869,14,-7
5870,14,-6
5871,14,-7
5872,14,-6
5873,14,-7
5874,14,-6
5875,14,-7
5876,14,-6
5877,14,-7
5878,14,-6
5879,14,-7
5880,14,-6
5881,14,-7
5882,14,-6
5883,14,-7
5884,14,-6
5885,14,-7
5886,14,-6
5887,14,-7
5888,14,-6
5889,14,-6
5890,14,-6
5891,14,-6
5892,14,-7
5893,14,-6
5894,14,-7
5895,14,-6
5896,14,-7
5897,14,-6
5898,14,-7
5899,14,-6
5900,14,-7
5901,14,-6
5902,14,-7
5903,14,-6
5904,14,-7
5905,14,-6
5906,14,-7
5907,14,-6
5908,14,-7
5909,14,-6
5910,14,-7
5911,14,-6
5912,14,-7
5913,14,-6
5914,14,-7
5915,14,-6
5916,14,-7
5917,14,-6
5918,14,-7
5919,14,-7
5920,14,-7
5921,14,-6
5922,14,-6
5923,14,-7
5924,14,-6
5925,14,-7
5926,14,-6
5927,14,-7
5928,14,-6
5929,14,-6
5930,14,-6
5931,14,-7
5932,14,-6
5933,14,-7
5934,14,-6
5935,14,-6
5936,14,-6
5937,14,-7
5938,14,-6
5939,14,-7
5940,14,-6
5941,14,-7
5942,14,-6
5943,14,-7
5944,14,-6
5945,14,-7
5946,14,-6
5947,14,-7
5948,14,-6
5949,14,-7
5950,14,-6
5951,14,-7
5952,14,-6
5953,14,-7
5954,14,-6
5955,14,-7
5956,14,-6
5957,14,-7
5958,14,-6
5959,14,-6
5960,14,-6
5961,14,-6
5962,14,-6
5963,14,-6
5964,14,-6
5965,14,-6
5966,14,-7
5967,14,-6
5968,14,-7
5969,14,-6
5970,14,-7
5971,14,-6
5972,14,-7
5973,14,-6
5974,14,-7
5975,14,-6
5976,14,-7
5977,14,-6
5978,14,-7
5979,14,-6
5980,14,-7
5981,14,-6
5982,14,-7
5983,14,-6
5984,14,-7
5985,14,-6
5986,14,-7
5987,14,-6
5988,14,-7
5989,14,-6
5990,14,-7
5991,14,-6
5992,14,-7
5993,14,-6
5994,14,-7
5995,14,-6
5996,14,-7
5997,14,-6
5998,14,-7
5999,14,-6
6000,14,-7
6001,14,-6
6002,14,-7
6003,14,-6
6004,14,-7
6005,14,-6
6006,14,-7
6007,14,-6
6008,14,-7
6009,14,-6
6010,14,-7
6011,14,-6
6012,14,-7
6013,14,-6
6014,14,-6
6015,14,-6
6016,14,-6
6017,14,-7
6018,14,-7
6019,14,-7
6020,14,-6
6021,14,-6
6022,14,-6
6023,14,-6
6024,14,-6
6025,14,-7
6026,14,-6
6027,14,-6
6028,14,-6
6029,14,-6
6030,14,-6
6031,14,-7
6032,14,-6
6033,14,-7
6034,14,-6
6035,14,-6
6036,14,-6
6037,14,-6
6038,14,-6
6039,14,-7
6040,14,-6
6041,14,-7
6042,14,-6
6043,14,-7
6044,14,-6
6045,14,-7
6046,14,-6
6047,14,-7
6048,14,-6
6049,14,-7
6050,14,-6
6051,14,-7
6052,14,-6
6053,14,-7
6054,14,-6
6055,14,-7
6056,14,-6
6057,14,-7
6058,14,-6
6059,14,-7
6060,14,-6
6061,14,-7
6062,14,-6
6063,14,-7
6064,14,-6
6065,14,-7
6066,14,-6
6067,14,-7
6068,14,-6
6069,14,-7
6070,14,-6
6071,14,-7
6072,14,-6
6073,14,-7
6074,14,-6
6075,14,-7
6076,14,-6
6077,14,-7
6078,14,-6
6079,14,-7
6080,14,-6
6081,14,-7
6082,14,-6
6083,14,-7
6084,14,-6
6085,14,-7
6086,14,-6
6087,14,-7
6088,14,-6
6089,14,-7
6090,14,-6
6091,14,-7
6092,14,-6
6093,14,-6
6094,14,-6
6095,15,1
6096,15,0
6097,15,0
6098,15,0
6099,15,0
6100,15,0
6101,15,0
6102,15,1
6103,15,1
6104,15,0
6105,15,0
6106,15,0
6107,15,0
6108,15,1
6109,15,1
6110,15,1
6111,15,0
6112,15,0
6113,15,0
6114,15,0
6115,15,0
6116,15,1
6117,15,0
6118,15,0
6119,15,0
6120,15,0
6121,15,0
6122,15,1
6123,15,1
6124,15,0
6125,15,0
6126,15,0
6127,15,0
6128,15,0
6129,15,1
6130,15,0
6131,15,0
6132,15,0
6133,15,0
6134,15,0
6135,15,1
6136,15,1
6137,15,0
6138,15,0
6139,15,0
6140,15,0
6141,15,0
6142,15,1
6143,15,1
6144,15,0
6145,15,0
6146,15,0
6147,15,0
6148,15,0
6149,15,1
6150,15,1
6151,15,0
6152,15,0
6153,15,0
6154,15,0
6155,15,1
6156,15,1
6157,15,1
6158,15,0
6159,15,0
6160,15,0
6161,15,0
6162,15,0
6163,15,1
6164,15,1
6165,15,0
6166,15,0
6167,15,0
6168,15,0
6169,15,1
6170,15,1
6171,15,1
6172,15,0
6173,15,0
6174,15,0
6175,15,0
6176,15,1
6177,15,1
6178,15,0
6179,15,0
6180,15,0
6181,15,0
6182,15,0
6183,15,1
6184,15,1
6185,15,0
6186,15,0
6187,15,0
6188,15,0
6189,15,0
6190,15,1
6191,15,1
6192,15,0
6193,15,0
6194,15,0
6195,15,0
6196,15,0
6197,15,0
6198,15,1
6199,15,1
6200,15,0
6201,15,0
6202,15,0
6203,15,0
6204,15,0
6205,15,1
6206,15,1
6207,15,0
6208,15,0
6209,15,0
6210,15,0
6211,15,1
6212,15,1
6213,15,1
6214,15,0
6215,15,0
6216,15,0
6217,15,0
6218,15,0
6219,15,1
6220,15,1
6221,15,0
6222,15,0
6223,15,0
6224,15,0
6225,15,1
6226,15,1
6227,15,1
6228,15,0
6229,15,0
6230,15,0
6231,15,0
6232,15,0
6233,15,1
6234,15,1
6235,15,0
6236,15,0
6237,15,0
6238,15,0
6239,15,0
6240,15,1
6241,15,0
6242,15,0
6243,15,0
6244,15,0
6245,15,0
6246,15,0
6247,15,0
6248,15,0
6249,15,0
6250,15,0
6251,15,0
6252,15,1
6253,15,0
6254,15,1
6255,15,0
6256,15,1
6257,15,0
6258,15,1
6259,15,0
6260,15,0
6261,15,0
6262,15,0
6263,15,0
6264,15,0
6265,15,0
6266,15,0
6267,15,0
6268,15,0
6269,15,0
6270,15,0
6271,15,0
6272,15,0
6273,15,1
6274,15,0
6275,15,1
6276,15,0
6277,15,1
6278,15,0
6279,15,1
6280,15,0
6281,15,1
6282,15,0
6283,15,1
6284,15,0
6285,15,1
6286,15,0
6287,15,1
6288,15,0
6289,15,0
6290,15,0
6291,15,0
6292,15,0
6293,15,0
6294,15,0
6295,15,0
6296,15,0
6297,15,0
6298,15,0
6299,15,0
6300,15,0
6301,15,0
6302,15,1
6303,15,0
6304,15,1
6305,15,0
6306,15,1
6307,15,0
6308,15,1
6309,15,0
6310,15,1
6311,15,0
6312,15,1
6313,15,0
6314,15,0
6315,15,0
6316,15,0
6317,15,0
6318,15,0
6319,15,0
6320,15,0
6321,15,0
6322,15,0
6323,15,0
6324,15,0
6325,15,0
6326,15,0
6327,15,0
6328,15,0
6329,15,0
6330,15,0
6331,15,0
6332,15,0
6333,15,0
6334,15,0
6335,15,1
6336,15,0
6337,15,1
6338,15,0
6339,15,1
6340,15,0
6341,15,1
6342,15,0
6343,15,1
6344,15,0
6345,15,1
6346,15,0
6347,15,1
6348,15,0
6349,15,0
6350,15,0
6351,15,0
6352,15,0
6353,15,0
6354,15,0
6355,15,0
6356,15,0
6357,15,0
6358,15,0
6359,15,0
6360,15,1
6361,15,0
6362,15,1
6363,15,0
6364,15,1
6365,15,0
6366,15,1
6367,15,0
6368,15,1
6369,15,0
6370,15,1
6371,15,0
6372,15,1
6373,15,0
6374,15,1
6375,15,0
6376,15,1
6377,15,0
6378,15,1
6379,15,0
6380,15,0
6381,15,0
6382,15,0
6383,15,0
6384,15,0
6385,15,0
6386,15,0
6387,15,0
6388,15,0
6389,15,0
6390,15,0
6391,15,0
6392,15,0
6393,15,0
6394,15,0
6395,15,0
6396,15,0
6397,15,1
6398,15,0
6399,15,1
6400,15,0
6401,15,1
6402,15,0
6403,15,1
6404,15,0
6405,15,1
6406,15,0
6407,15,1
6408,15,0
6409,15,1
6410,15,0
6411,15,1
6412,15,0
6413,15,1
6414,15,0
6415,15,1
6416,15,0
6417,15,0
6418,15,0
6419,15,0
6420,15,0
6421,15,0
6422,15,0
6423,15,0
6424,15,0
6425,15,0
6426,15,0
6427,15,0
6428,15,0
6429,15,0
6430,15,1
6431,15,0
6432,15,1
6433,15,0
6434,15,1
6435,15,0
6436,15,1
6437,15,0
6438,15,1
6439,15,0
6440,15,1
6441,15,0
6442,15,1
6443,15,0
6444,15,1
6445,15,0
6446,15,1
6447,15,0
6448,15,1
6449,15,0
6450,15,0
6451,15,0
6452,15,0
6453,15,0
6454,15,0
6455,15,0
6456,15,0
6457,15,0
6458,15,0
6459,15,0
6460,15,0
6461,15,0
6462,15,0
6463,15,0
6464,15,0
6465,15,0
6466,15,0
6467,15,1
6468,15,0
6469,15,1
6470,15,0
6471,15,1
6472,15,0
6473,15,1
6474,15,0
6475,15,1
6476,15,0
6477,15,1
6478,15,0
6479,15,1
6480,15,0
6481,15,1
6482,15,0
6483,15,1
6484,15,0
6485,15,1
6486,15,0
6487,15,0
6488,15,0
6489,15,1
6490,15,0
6491,15,1
6492,15,0
6493,15,1
6494,15,0
6495,15,1
6496,15,0
6497,15,0
6498,15,0
6499,15,0
6500,15,0
6501,15,0
6502,15,0
6503,15,0
6504,15,0
6505,15,0
6506,15,0
6507,15,1
6508,15,0
6509,15,0
6510,15,0
6511,15,0
6512,15,0
6513,15,0
6514,15,0
6515,15,0
6516,15,0
6517,15,0
6518,15,0
6519,15,0
6520,15,0
6521,15,0
6522,15,1
6523,15,0
6524,15,1
6525,15,0
6526,15,0
6527,15,0
6528,15,1
6529,15,0
6530,15,1
6531,15,0
6532,15,1
6533,15,0
6534,15,1
6535,15,0
6536,15,1
6537,15,0
6538,15,1
6539,15,0
6540,15,1
6541,15,0
6542,15,1
6543,15,0
6544,15,1
6545,15,0
6546,15,1
6547,15,0
6548,15,1
6549,15,0
6550,15,1
6551,15,0
6552,15,0
6553,15,0
6554,15,0
6555,15,0
6556,15,0
6557,15,0
6558,15,1
6559,15,0
6560,15,1
6561,15,0
6562,15,1
6563,15,0
6564,15,1
6565,15,0
6566,15,1
6567,15,0
6568,15,1
6569,15,0
6570,15,0
6571,15,0
6572,15,1
6573,15,0
6574,15,1
6575,15,0
6576,15,0
6577,15,0
6578,15,0
6579,15,0
6580,15,0
6581,15,0
6582,15,0
6583,15,0
6584,15,0
6585,15,0
6586,15,0
6587,15,0
6588,15,0
6589,15,0
6590,15,0
6591,15,0
6592,15,0
6593,15,0
6594,15,0
6595,15,0
6596,15,0
6597,15,0
6598,15,0
6599,15,0
6600,15,0
6601,15,1
6602,15,0
6603,16,-3
6604,16,-3
6605,16,-3
6606,16,-3
6607,16,-4
6608,16,-4
6609,16,-16
6610,16,-16
6611,16,-16
6612,16,-16
6613,16,-16
6614,16,-16
6615,16,-16
6616,16,-16
6617,16,-16
6618,16,-16
6619,16,-16
6620,16,-16
6621,16,-16
6622,16,-17
6623,16,-16
6624,16,-16
6625,16,-16
6626,16,-16
6627,16,-16
6628,16,-16
6629,16,-16
6630,16,-16
6631,16,-16
6632,16,-16
6633,16,-16
6634,16,-16
6635,16,-17
6636,16,-16
6637,16,-16
6638,16,-16
6639,16,-16
6640,16,-16
6641,16,-16
6642,16,-16
6643,16,-16
6644,16,-16
6645,16,-16
6646,16,-16
6647,16,-16
6648,16,-16
6649,16,-16
6650,16,-16
6651,16,-16
6652,16,-16
6653,16,-16
6654,16,-16
6655,16,-16
6656,16,-16
6657,16,-16
6658,16,-16
6659,16,-16
6660,16,-16
6661,16,-16
6662,16,-15
6663,16,-16
6664,16,-16
6665,16,-16
6666,16,-16
6667,16,-16
6668,16,-16
6669,16,-17
6670,16,-16
6671,16,-16
6672,16,-16
6673,16,-16
6674,16,-16
6675,16,-16
6676,16,-15
6677,16,-16
6678,16,-16
6679,16,-16
6680,16,-16
6681,16,-16
6682,16,-16
6683,16,-16
6684,16,-16
6685,16,-16
6686,16,-16
6687,16,-16
6688,16,-16
6689,16,-16
6690,16,-15
6691,16,-16
6692,16,-16
6693,16,-16
6694,16,-16
6695,16,-16
6696,16,-16
6697,16,-15
6698,16,-16
6699,16,-16
6700,16,-16
6701,16,-16
6702,16,-16
6703,16,-16
6704,16,-16
6705,16,-16
6706,16,-16
6707,16,-16
6708,16,-16
6709,16,-16
6710,16,-16
6711,16,-16
6712,16,-16
6713,16,-16
6714,16,-16
6715,16,-16
6716,16,-16
6717,16,-16
6718,16,-16
6719,16,-16
6720,16,-16
6721,16,-16
6722,16,-16
6723,16,-16
6724,16,-16
6725,16,-16
6726,16,-16
6727,16,-16
6728,16,-16
6729,16,-16
6730,16,-16
6731,16,-16
6732,16,-15
6733,16,-16
6734,16,-16
6735,16,-16
6736,16,-16
6737,16,-16
6738,16,-16
6739,16,-16
6740,16,-16
6741,16,-16
6742,16,-16
6743,16,-16
6744,16,-16
6745,16,-16
6746,16,-16
6747,16,-16
6748,16,-16
6749,16,-16
6750,16,-16
6751,16,-16
6752,16,-16
6753,16,-16
6754,16,-16
6755,16,-16
6756,16,-16
6757,16,-16
6758,16,-16
6759,16,-16
6760,16,-16
6761,16,-16
6762,16,-16
6763,16,-16
6764,16,-16
6765,16,-16
6766,16,-16
6767,16,-16
6768,16,-16
6769,16,-16
6770,16,-16
6771,16,-16
6772,16,-16
6773,16,-16
6774,16,-16
6775,16,-16
6776,16,-16
6777,16,-16
6778,16,-16
6779,16,-16
6780,16,-15
6781,16,-16
6782,16,-15
6783,16,-16
6784,16,-16
6785,16,-16
6786,16,-16
6787,16,-16
6788,16,-16
6789,16,-16
6790,16,-16
6791,16,-16
6792,16,-16
6793,16,-16
6794,16,-16
6795,16,-16
6796,16,-16
6797,16,-16
6798,16,-16
6799,16,-16
6800,16,-16
6801,16,-16
6802,16,-16
6803,16,-16
6804,16,-16
6805,16,-17
6806,16,-16
6807,16,-17
6808,16,-16
6809,16,-16
6810,16,-16
6811,16,-16
6812,16,-16
6813,16,-16
6814,16,-16
6815,16,-16
6816,16,-16
6817,16,-16
6818,16,-16
6819,16,-16
6820,16,-16
6821,16,-16
6822,16,-16
6823,16,-16
6824,16,-16
6825,16,-16
6826,16,-16
6827,16,-16
6828,16,-16
6829,16,-16
6830,16,-16
6831,16,-16
6832,16,-16
6833,16,-16
6834,16,-16
6835,16,-16
6836,16,-16
6837,16,-16
6838,16,-17
6839,16,-16
6840,16,-17
6841,16,-16
6842,16,-15
6843,16,-16
6844,16,-16
6845,16,-16
6846,16,-16
6847,16,-16
6848,16,-16
6849,16,-16
6850,16,-16
6851,16,-16
6852,16,-16
6853,16,-16
6854,16,-16
6855,16,-16
6856,16,-16
6857,16,-16
6858,16,-16
6859,16,-16
6860,16,-16
6861,16,-16
6862,16,-16
6863,16,-17
6864,16,-16
6865,16,-16
6866,16,-16
6867,16,-16
6868,16,-16
6869,16,-16
6870,16,-16
6871,16,-16
6872,16,-16
6873,16,-16
6874,16,-16
6875,16,-16
6876,16,-16
6877,16,-16
6878,16,-16
6879,16,-16
6880,16,-16
6881,16,-16
6882,16,-16
6883,16,-16
6884,16,-16
6885,16,-16
6886,16,-16
6887,16,-16
6888,16,-16
6889,16,-16
6890,16,-16
6891,16,-16
6892,16,-16
6893,16,-16
6894,16,-16
6895,16,-16
6896,16,-17
6897,16,-16
6898,16,-17
6899,16,-16
6900,16,-16
6901,16,-16
6902,16,-16
6903,16,-16
6904,16,-16
6905,16,-16
6906,16,-16
6907,16,-16
6908,16,-16
6909,16,-16
6910,16,-16
6911,16,-16
6912,16,-16
6913,16,-16
6914,16,-16
6915,16,-16
6916,16,-16
6917,16,-16
6918,16,-16
6919,16,-16
6920,16,-16
6921,16,-16
6922,16,-16
6923,16,-16
6924,16,-16
6925,16,-16
6926,16,-16
6927,16,-16
6928,16,-16
6929,16,-16
6930,16,-16
6931,16,-16
6932,16,-16
6933,16,-16
6934,16,-16
6935,16,-16
6936,16,-16
6937,16,-16
6938,16,-16
6939,16,-16
6940,16,-16
6941,16,-16
6942,16,-16
6943,16,-16
6944,16,-16
6945,16,-16
6946,16,-16
6947,16,-16
6948,16,-16
6949,16,-16
6950,16,-16
6951,16,-16
6952,16,-16
6953,16,-16
6954,16,-16
6955,16,-16
6956,16,-16
6957,16,-16
6958,16,-16
6959,16,-16
6960,16,-16
6961,16,-16
6962,16,-16
6963,16,-16
6964,16,-16
6965,16,-16
6966,16,-16
6967,16,-16
6968,16,-16
6969,16,-16
6970,16,-16
6971,16,-16
6972,16,-16
6973,16,-16
6974,16,-15
6975,16,-16
6976,16,-15
6977,16,-16
6978,16,-15
6979,16,-16
6980,16,-16
6981,16,-16
6982,16,-16
6983,16,-16
6984,16,-16
6985,16,-16
6986,16,-16
6987,16,-16
6988,16,-16
6989,16,-16
6990,16,-16
6991,16,-16
6992,16,-16
6993,16,-16
6994,16,-16
6995,16,-16
6996,16,-16
6997,16,-16
6998,16,-16
6999,16,-16
7000,16,-16
7001,16,-16
7002,16,-16
7003,16,-16
7004,16,-16
7005,16,-16
7006,16,-16
7007,16,-16
7008,16,-16
7009,16,-16
7010,16,-16
7011,16,-16
7012,16,-16
7013,16,-16
7014,16,-16
7015,16,-16
7016,16,-16
7017,16,-16
7018,16,-16
7019,16,-16
7020,16,-16
7021,16,-16
7022,16,-16
7023,16,-16
7024,16,-16
7025,16,-16
7026,16,-16
7027,16,-17
7028,16,-16
7029,16,-15
7030,16,-16
7031,16,-16
7032,16,-16
7033,16,-16
7034,16,-16
7035,16,-16
7036,16,-16
7037,16,-16
7038,16,-16
7039,16,-15
7040,16,-16
7041,16,-16
7042,16,-16
7043,16,-16
7044,16,-16
7045,16,-16
7046,16,-16
7047,16,-16
7048,16,-16
7049,16,-16
7050,16,-16
7051,16,-16
7052,16,-16
7053,16,-16
7054,16,-16
7055,16,-16
7056,16,-16
7057,16,-16
7058,16,-16
7059,16,-16
7060,16,-16
7061,16,-16
7062,16,-16
7063,16,-16
7064,16,-16
7065,16,-16
7066,16,-16
7067,16,-16
7068,16,-16
7069,16,-16
7070,16,-16
7071,16,-16
7072,16,-16
7073,16,-16
7074,16,-16
7075,16,-16
7076,16,-16
7077,16,-16
7078,16,-16
7079,16,-16
7080,16,-16
7081,16,-16
7082,16,-16
7083,16,-16
7084,16,-16
7085,16,-16
7086,16,-16
7087,16,-16
7088,16,-16
7089,16,-16
7090,16,-16
7091,16,-16
7092,16,-16
7093,16,-16
7094,16,-16
7095,16,-16
7096,16,-16
7097,16,-16
7098,16,-16
7099,16,-16
7100,16,-16
7101,16,-16
7102,16,-16
7103,16,-16
7104,16,-16
7105,16,-16
7106,16,-16
7107,16,-16
7108,16,-15
7109,16,-16
7110,17,-7
7111,17,-7
7112,17,-7
7113,17,-7
7114,17,-8
7115,17,-8
7116,17,-8
7117,17,-7
7118,17,-7
7119,17,-7
7120,17,-8
7121,17,-8
7122,17,-8
7123,17,-7
7124,17,-7
7125,17,-7
7126,17,-7
7127,17,-8
7128,17,-8
7129,17,-8
7130,17,-8
7131,17,-7
7132,17,-7
7133,17,-7
7134,17,-7
7135,17,-8
7136,17,-8
7137,17,-7
7138,17,-7
7139,17,-7
7140,17,-8
7141,17,-8
7142,17,-8
7143,17,-8
7144,17,-7
7145,17,-7
7146,17,-7
7147,17,-8
7148,17,-8
7149,17,-8
7150,17,-7
7151,17,-7
7152,17,-7
7153,17,-7
7154,17,-8
7155,17,-8
7156,17,-8
7157,17,-7
7158,17,-7
7159,17,-7
7160,17,-7
7161,17,-8
7162,17,-8
7163,17,-8
7164,17,-7
7165,17,-7
7166,17,-7
7167,17,-7
7168,17,-7
7169,17,-8
7170,17,-7
7171,17,-7
7172,17,-7
7173,17,-7
7174,17,-7
7175,17,-8
7176,17,-8
7177,17,-8
7178,17,-7
7179,17,-7
7180,17,-7
7181,17,-7
7182,17,-8
7183,17,-8
7184,17,-7
7185,17,-7
7186,17,-7
7187,17,-7
7188,17,-7
7189,17,-8
7190,17,-8
7191,17,-7
7192,17,-7
7193,17,-7
7194,17,-7
7195,17,-7
7196,17,-8
7197,17,-8
7198,17,-7
7199,17,-7
7200,17,-7
7201,17,-7
7202,17,-7
7203,17,-8
7204,17,-8
7205,17,-7
7206,17,-7
7207,17,-7
7208,17,-7
7209,17,-7
7210,17,-8
7211,17,-8
7212,17,-8
7213,17,-7
7214,17,-7
7215,17,-7
7216,17,-7
7217,17,-8
7218,17,-8
7219,17,-8
7220,17,-7
7221,17,-7
7222,17,-7
7223,17,-7
7224,17,-8
7225,17,-8
7226,17,-7
7227,17,-7
7228,17,-7
7229,17,-7
7230,17,-7
7231,17,-8
7232,17,-8
7233,17,-8
7234,17,-7
7235,17,-7
7236,17,-7
7237,17,-7
7238,17,-7
7239,17,-8
7240,17,-7
7241,17,-7
7242,17,-7
7243,17,-7
7244,17,-7
7245,17,-8
7246,17,-8
7247,17,-8
7248,17,-7
7249,17,-7
7250,17,-7
7251,17,-7
7252,17,-8
7253,17,-8
7254,17,-8
7255,17,-7
7256,17,-7
7257,17,-8
7258,17,-7
7259,17,-8
7260,17,-7
7261,17,-8
7262,17,-7
7263,17,-8
7264,17,-7
7265,17,-8
7266,17,-7
7267,17,-7
7268,17,-7
7269,17,-7
7270,17,-8
7271,17,-7
7272,17,-8
7273,17,-7
7274,17,-8
7275,17,-7
7276,17,-8
7277,17,-7
7278,17,-8
7279,17,-7
7280,17,-8
7281,17,-7
7282,17,-8
7283,17,-7
7284,17,-8
7285,17,-7
7286,17,-8
7287,17,-7
7288,17,-7
7289,17,-7
7290,17,-7
7291,17,-7
7292,17,-7
7293,17,-8
7294,17,-7
7295,17,-8
7296,17,-7
7297,17,-8
7298,17,-7
7299,17,-8
7300,17,-7
7301,17,-8
7302,17,-7
7303,17,-8
7304,17,-7
7305,17,-8
7306,17,-7
7307,17,-8
7308,17,-7
7309,17,-8
7310,17,-7
7311,17,-8
7312,17,-7
7313,17,-8
7314,17,-7
7315,17,-8
7316,17,-7
7317,17,-7
7318,17,-7
7319,17,-7
7320,17,-7
7321,17,-7
7322,17,-7
7323,17,-7
7324,17,-7
7325,17,-7
7326,17,-8
7327,17,-7
7328,17,-8
7329,17,-7
7330,17,-8
7331,17,-7
7332,17,-8
7333,17,-7
7334,17,-8
7335,17,-7
7336,17,-8
7337,17,-7
7338,17,-8
7339,17,-7
7340,17,-8
7341,17,-7
7342,17,-8
7343,17,-7
7344,17,-8
7345,17,-7
7346,17,-8
7347,17,-7
7348,17,-8
7349,17,-7
7350,17,-7
7351,17,-7
7352,17,-7
7353,17,-7
7354,17,-7
7355,17,-8
7356,17,-7
7357,17,-8
7358,17,-7
7359,17,-8
7360,17,-7
7361,17,-8
7362,17,-7
7363,17,-8
7364,17,-7
7365,17,-8
7366,17,-7
7367,17,-8
7368,17,-7
7369,17,-8
7370,17,-7
7371,17,-8
7372,17,-7
7373,17,-8
7374,17,-7
7375,17,-7
7376,17,-7
7377,17,-7
7378,17,-7
7379,17,-7
7380,17,-7
7381,17,-7
7382,17,-8
7383,17,-7
7384,17,-7
7385,17,-7
7386,17,-8
7387,17,-7
7388,17,-8
7389,17,-7
7390,17,-8
7391,17,-7
7392,17,-8
7393,17,-7
7394,17,-8
7395,17,-7
7396,17,-8
7397,17,-7
7398,17,-8
7399,17,-7
7400,17,-8
7401,17,-7
7402,17,-8
7403,17,-7
7404,17,-8
7405,17,-7
7406,17,-8
7407,17,-7
7408,17,-8
7409,17,-7
7410,17,-8
7411,17,-7
7412,17,-7
7413,17,-7
7414,17,-7
7415,17,-7
7416,17,-7
7417,17,-7
7418,17,-7
7419,17,-7
7420,17,-7
7421,17,-7
7422,17,-7
7423,17,-8
7424,17,-7
7425,17,-8
7426,17,-7
7427,17,-8
7428,17,-7
7429,17,-8
7430,17,-7
7431,17,-8
7432,17,-7
7433,17,-8
7434,17,-7
7435,17,-8
7436,17,-7
7437,17,-8
7438,17,-7
7439,17,-8
7440,17,-7
7441,17,-8
7442,17,-7
7443,17,-8
7444,17,-7
7445,17,-7
7446,17,-7
7447,17,-7
7448,17,-7
7449,17,-7
7450,17,-7
7451,17,-7
7452,17,-7
7453,17,-7
7454,17,-7
7455,17,-7
7456,17,-7
7457,17,-7
7458,17,-7
7459,17,-7
7460,17,-8
7461,17,-7
7462,17,-8
7463,17,-7
7464,17,-8
7465,17,-7
7466,17,-8
7467,17,-7
7468,17,-8
7469,17,-7
7470,17,-8
7471,17,-7
7472,17,-8
7473,17,-7
7474,17,-8
7475,17,-7
7476,17,-8
7477,17,-7
7478,17,-8
7479,17,-7
7480,17,-8
7481,17,-7
7482,17,-7
7483,17,-7
7484,17,-7
7485,17,-7
7486,17,-7
7487,17,-7
7488,17,-7
7489,17,-7
7490,17,-7
7491,17,-7
7492,17,-7
7493,17,-8
7494,17,-7
7495,17,-8
7496,17,-7
7497,17,-8
7498,17,-7
7499,17,-8
7500,17,-7
7501,17,-8
7502,17,-7
7503,17,-8
7504,17,-7
7505,17,-8
7506,17,-7
7507,17,-8
7508,17,-7
7509,17,-8
7510,17,-7
7511,17,-8
7512,17,-7
7513,17,-8
7514,17,-7
7515,17,-8
7516,17,-7
7517,17,-8
7518,17,-7
7519,17,-8
7520,17,-7
7521,17,-8
7522,17,-7
7523,17,-8
7524,17,-7
7525,17,-8
7526,17,-7
7527,17,-8
7528,17,-7
7529,17,-8
7530,17,-7
7531,17,-8
7532,17,-7
7533,17,-8
7534,17,-7
7535,17,-8
7536,17,-7
7537,17,-7
7538,17,-7
7539,17,-7
7540,17,-7
7541,17,-8
7542,17,-7
7543,17,-7
7544,17,-7
7545,17,-7
7546,17,-7
7547,17,-7
7548,17,-7
7549,17,-7
7550,17,-7
7551,17,-7
7552,17,-7
7553,17,-7
7554,17,-7
7555,17,-7
7556,17,-7
7557,17,-7
7558,17,-8
7559,17,-7
7560,17,-7
7561,17,-7
7562,17,-8
7563,17,-7
7564,17,-8
7565,17,-7
7566,17,-8
7567,17,-7
7568,17,-8
7569,17,-7
7570,17,-8
7571,17,-7
7572,17,-8
7573,17,-7
7574,17,-8
7575,17,-7
7576,17,-8
7577,17,-7
7578,17,-8
7579,17,-7
7580,17,-8
7581,17,-7
7582,17,-8
7583,17,-7
7584,17,-8
7585,17,-7
7586,17,-8
7587,17,-7
7588,17,-8
7589,17,-7
7590,17,-8
7591,17,-7
7592,17,-8
7593,17,-7
7594,17,-8
7595,17,-7
7596,17,-8
7597,17,-7
7598,17,-8
7599,17,-7
7600,17,-8
7601,17,-7
7602,17,-8
7603,17,-7
7604,17,-8
7605,17,-7
7606,17,-8
7607,17,-7
7608,17,-8
7609,17,-7
7610,17,-8
7611,17,-7
7612,17,-8
7613,17,-7
7614,17,-8
7615,17,-7
7616,17,-7
7617,17,-7
