,DOM,date,time,yaw,pitch,roll,aX,aY,aZ,gX,gY,gZ,hX,hY,hZ,Temp,Humid
0,14,2/2/2021,14:29:40,0,0,0,0,0,0,0,0,0,0,0,0,0,0
1,14,2/2/2021,14:29:50,0,0,0,0,0,0,0,0,0,0,0,0,0,0
2,14,2/2/2021,14:30:00,0,0,0,0,0,0,0,0,0,0,0,0,0,0
3,14,2/2/2021,14:30:10,0,0,0,0,0,0,0,0,0,0,0,0,0,0
4,14,2/2/2021,14:30:20,0,0,0,0,0,0,0,0,0,0,0,0,0,0
5,14,2/2/2021,14:30:30,0,0,0,0,0,0,0,0,0,0,0,0,0,0
6,14,2/2/2021,14:30:40,0,0,0,0,0,0,0,0,0,0,0,0,0,0
7,14,2/2/2021,14:30:50,0,0,0,0,0,0,0,0,0,0,0,0,0,0
8,14,2/2/2021,14:31:00,0,0,0,0,0,0,0,0,0,0,0,0,0,0
9,14,2/2/2021,14:31:10,0,0,0,0,0,0,0,0,0,0,0,0,0,0
10,14,2/2/2021,14:31:20,0,0,0,0,0,0,0,0,0,0,0,0,0,0
11,14,2/2/2021,14:31:30,0,0,0,0,0,0,0,0,0,0,0,0,0,0
12,14,2/2/2021,14:31:40,0,0,0,0,0,0,0,0,0,0,0,0,0,0
13,14,2/2/2021,14:31:50,0,0,0,0,0,0,0,0,0,0,0,0,0,0
14,14,2/2/2021,14:32:00,0,0,0,0,0,0,0,0,0,0,0,0,0,0
15,14,2/2/2021,14:32:10,0,0,0,0,0,0,0,0,0,0,0,0,0,0
16,14,2/2/2021,14:32:20,0,0,0,0,0,0,0,0,0,0,0,0,0,0
17,14,2/2/2021,14:32:30,0,0,0,0,0,0,0,0,0,0,0,0,0,0
18,17,2/2/2021,14:29:40,5.52311229705811,5.52311229705811,5.52311229705811,5.52311229705811,5.52311229705811,5.52311229705811,5.52311229705811,5.52311229705811,5.52311229705811,5.52311229705811,5.52311229705811,5.52311229705811,5.52311229705811,5.52311229705811
19,17,2/2/2021,14:29:50,5.55448865890503,5.55448865890503,5.55448865890503,5.55448865890503,5.55448865890503,5.55448865890503,5.55448865890503,5.55448865890503,5.55448865890503,5.55448865890503,5.55448865890503,5.55448865890503,5.55448865890503,5.55448865890503
20,17,2/2/2021,14:30:00,5.55250024795532,5.55250024795532,5.55250024795532,5.55250024795532,5.55250024795532,5.55250024795532,5.55250024795532,5.55250024795532,5.55250024795532,5.55250024795532,5.55250024795532,5.55250024795532,5.55250024795532,5.55250024795532
21,17,2/2/2021,14:30:10,5.55311012268066,5.55311012268066,5.55311012268066,5.55311012268066,5.55311012268066,5.55311012268066,5.55311012268066,5.55311012268066,5.55311012268066,5.55311012268066,5.55311012268066,5.55311012268066,5.55311012268066,5.55311012268066
22,17,2/2/2021,14:30:20,5.50799417495728,5.50799417495728,5.50799417495728,5.50799417495728,5.50799417495728,5.50799417495728,5.50799417495728,5.50799417495728,5.50799417495728,5.50799417495728,5.50799417495728,5.50799417495728,5.50799417495728,5.50799417495728
23,17,2/2/2021,14:30:30,5.55447912216187,5.55447912216187,5.55447912216187,5.55447912216187,5.55447912216187,5.55447912216187,5.55447912216187,5.55447912216187,5.55447912216187,5.55447912216187,5.55447912216187,5.55447912216187,5.55447912216187,5.55447912216187
24,17,2/2/2021,14:30:40,5.55458974838257,5.55458974838257,5.55458974838257,5.55458974838257,5.55458974838257,5.55458974838257,5.55458974838257,5.55458974838257,5.55458974838257,5.55458974838257,5.55458974838257,5.55458974838257,5.55458974838257,5.55458974838257
25,17,2/2/2021,14:30:50,5.55251216888428,5.55251216888428,5.55251216888428,5.55251216888428,5.55251216888428,5.55251216888428,5.55251216888428,5.55251216888428,5.55251216888428,5.55251216888428,5.55251216888428,5.55251216888428,5.55251216888428,5.55251216888428
26,17,2/2/2021,14:31:00,5.55299234390259,5.55299234390259,5.55299234390259,5.55299234390259,5.55299234390259,5.55299234390259,5.55299234390259,5.55299234390259,5.55299234390259,5.55299234390259,5.55299234390259,5.55299234390259,5.55299234390259,5.55299234390259
27,17,2/2/2021,14:31:10,5.55460262298584,5.55460262298584,5.55460262298584,5.55460262298584,5.55460262298584,5.55460262298584,5.55460262298584,5.55460262298584,5.55460262298584,5.55460262298584,5.55460262298584,5.55460262298584,5.55460262298584,5.55460262298584
28,17,2/2/2021,14:31:20,5.55394077301025,5.55394077301025,5.55394077301025,5.55394077301025,5.55394077301025,5.55394077301025,5.55394077301025,5.55394077301025,5.55394077301025,5.55394077301025,5.55394077301025,5.55394077301025,5.55394077301025,5.55394077301025
29,17,2/2/2021,14:31:30,5.55268859863281,5.55268859863281,5.55268859863281,5.55268859863281,5.55268859863281,5.55268859863281,5.55268859863281,5.55268859863281,5.55268859863281,5.55268859863281,5.55268859863281,5.55268859863281,5.55268859863281,5.55268859863281
30,17,2/2/2021,14:31:40,5.55872583389282,5.55872583389282,5.55872583389282,5.55872583389282,5.55872583389282,5.55872583389282,5.55872583389282,5.55872583389282,5.55872583389282,5.55872583389282,5.55872583389282,5.55872583389282,5.55872583389282,5.55872583389282
31,17,2/2/2021,14:31:50,5.52326011657715,5.52326011657715,5.52326011657715,5.52326011657715,5.52326011657715,5.52326011657715,5.52326011657715,5.52326011657715,5.52326011657715,5.52326011657715,5.52326011657715,5.52326011657715,5.52326011657715,5.52326011657715
32,17,2/2/2021,14:32:00,5.55901622772217,5.55901622772217,5.55901622772217,5.55901622772217,5.55901622772217,5.55901622772217,5.55901622772217,5.55901622772217,5.55901622772217,5.55901622772217,5.55901622772217,5.55901622772217,5.55901622772217,5.55901622772217
33,17,2/2/2021,14:32:10,5.55314922332764,5.55314922332764,5.55314922332764,5.55314922332764,5.55314922332764,5.55314922332764,5.55314922332764,5.55314922332764,5.55314922332764,5.55314922332764,5.55314922332764,5.55314922332764,5.55314922332764,5.55314922332764
34,17,2/2/2021,14:32:20,5.55013132095337,5.55013132095337,5.55013132095337,5.55013132095337,5.55013132095337,5.55013132095337,5.55013132095337,5.55013132095337,5.55013132095337,5.55013132095337,5.55013132095337,5.55013132095337,5.55013132095337,5.55013132095337
35,17,2/2/2021,14:32:30,5.5265998840332,5.5265998840332,5.5265998840332,5.5265998840332,5.5265998840332,5.5265998840332,5.5265998840332,5.5265998840332,5.5265998840332,5.5265998840332,5.5265998840332,5.5265998840332,5.5265998840332,5.5265998840332
36,7,2/2/2021,14:29:40,-0.152970507740974,-0.152970507740974,-0.152970507740974,-0.152970507740974,-0.152970507740974,-0.152970507740974,-0.152970507740974,-0.152970507740974,-0.152970507740974,-0.152970507740974,-0.152970507740974,-0.152970507740974,-0.152970507740974,-0.152970507740974
37,7,2/2/2021,14:29:50,-0.180626228451729,-0.180626228451729,-0.180626228451729,-0.180626228451729,-0.180626228451729,-0.180626228451729,-0.180626228451729,-0.180626228451729,-0.180626228451729,-0.180626228451729,-0.180626228451729,-0.180626228451729,-0.180626228451729,-0.180626228451729
38,7,2/2/2021,14:30:00,-0.151432141661644,-0.151432141661644,-0.151432141661644,-0.151432141661644,-0.151432141661644,-0.151432141661644,-0.151432141661644,-0.151432141661644,-0.151432141661644,-0.151432141661644,-0.151432141661644,-0.151432141661644,-0.151432141661644,-0.151432141661644
39,7,2/2/2021,14:30:10,-0.156987771391869,-0.156987771391869,-0.156987771391869,-0.156987771391869,-0.156987771391869,-0.156987771391869,-0.156987771391869,-0.156987771391869,-0.156987771391869,-0.156987771391869,-0.156987771391869,-0.156987771391869,-0.156987771391869,-0.156987771391869
40,7,2/2/2021,14:30:20,-0.126877814531326,-0.126877814531326,-0.126877814531326,-0.126877814531326,-0.126877814531326,-0.126877814531326,-0.126877814531326,-0.126877814531326,-0.126877814531326,-0.126877814531326,-0.126877814531326,-0.126877814531326,-0.126877814531326,-0.126877814531326
41,7,2/2/2021,14:30:30,-0.162131264805794,-0.162131264805794,-0.162131264805794,-0.162131264805794,-0.162131264805794,-0.162131264805794,-0.162131264805794,-0.162131264805794,-0.162131264805794,-0.162131264805794,-0.162131264805794,-0.162131264805794,-0.162131264805794,-0.162131264805794
42,7,2/2/2021,14:30:40,-0.162600517272949,-0.162600517272949,-0.162600517272949,-0.162600517272949,-0.162600517272949,-0.162600517272949,-0.162600517272949,-0.162600517272949,-0.162600517272949,-0.162600517272949,-0.162600517272949,-0.162600517272949,-0.162600517272949,-0.162600517272949
43,7,2/2/2021,14:30:50,-0.103046678006649,-0.103046678006649,-0.103046678006649,-0.103046678006649,-0.103046678006649,-0.103046678006649,-0.103046678006649,-0.103046678006649,-0.103046678006649,-0.103046678006649,-0.103046678006649,-0.103046678006649,-0.103046678006649,-0.103046678006649
44,7,2/2/2021,14:31:00,-0.112437173724174,-0.112437173724174,-0.112437173724174,-0.112437173724174,-0.112437173724174,-0.112437173724174,-0.112437173724174,-0.112437173724174,-0.112437173724174,-0.112437173724174,-0.112437173724174,-0.112437173724174,-0.112437173724174,-0.112437173724174
45,7,2/2/2021,14:31:10,-0.163624629378319,-0.163624629378319,-0.163624629378319,-0.163624629378319,-0.163624629378319,-0.163624629378319,-0.163624629378319,-0.163624629378319,-0.163624629378319,-0.163624629378319,-0.163624629378319,-0.163624629378319,-0.163624629378319,-0.163624629378319
46,7,2/2/2021,14:31:20,-0.129945933818817,-0.129945933818817,-0.129945933818817,-0.129945933818817,-0.129945933818817,-0.129945933818817,-0.129945933818817,-0.129945933818817,-0.129945933818817,-0.129945933818817,-0.129945933818817,-0.129945933818817,-0.129945933818817,-0.129945933818817
47,7,2/2/2021,14:31:30,-0.137534484267235,-0.137534484267235,-0.137534484267235,-0.137534484267235,-0.137534484267235,-0.137534484267235,-0.137534484267235,-0.137534484267235,-0.137534484267235,-0.137534484267235,-0.137534484267235,-0.137534484267235,-0.137534484267235,-0.137534484267235
48,7,2/2/2021,14:31:40,-0.16978432238102,-0.16978432238102,-0.16978432238102,-0.16978432238102,-0.16978432238102,-0.16978432238102,-0.16978432238102,-0.16978432238102,-0.16978432238102,-0.16978432238102,-0.16978432238102,-0.16978432238102,-0.16978432238102,-0.16978432238102
49,7,2/2/2021,14:31:50,-0.179282635450363,-0.179282635450363,-0.179282635450363,-0.179282635450363,-0.179282635450363,-0.179282635450363,-0.179282635450363,-0.179282635450363,-0.179282635450363,-0.179282635450363,-0.179282635450363,-0.179282635450363,-0.179282635450363,-0.179282635450363
50,7,2/2/2021,14:32:00,-0.173887103796005,-0.173887103796005,-0.173887103796005,-0.173887103796005,-0.173887103796005,-0.173887103796005,-0.173887103796005,-0.173887103796005,-0.173887103796005,-0.173887103796005,-0.173887103796005,-0.173887103796005,-0.173887103796005,-0.173887103796005
51,7,2/2/2021,14:32:10,-0.224781975150108,-0.224781975150108,-0.224781975150108,-0.224781975150108,-0.224781975150108,-0.224781975150108,-0.224781975150108,-0.224781975150108,-0.224781975150108,-0.224781975150108,-0.224781975150108,-0.224781975150108,-0.224781975150108,-0.224781975150108
52,7,2/2/2021,14:32:20,-0.18600757420063,-0.18600757420063,-0.18600757420063,-0.18600757420063,-0.18600757420063,-0.18600757420063,-0.18600757420063,-0.18600757420063,-0.18600757420063,-0.18600757420063,-0.18600757420063,-0.18600757420063,-0.18600757420063,-0.18600757420063
53,7,2/2/2021,14:32:30,-0.210109621286392,-0.210109621286392,-0.210109621286392,-0.210109621286392,-0.210109621286392,-0.210109621286392,-0.210109621286392,-0.210109621286392,-0.210109621286392,-0.210109621286392,-0.210109621286392,-0.210109621286392,-0.210109621286392,-0.210109621286392
54,9,2/2/2021,14:29:40,4.17196941375732,4.17196941375732,4.17196941375732,4.17196941375732,4.17196941375732,4.17196941375732,4.17196941375732,4.17196941375732,4.17196941375732,4.17196941375732,4.17196941375732,4.17196941375732,4.17196941375732,4.17196941375732
55,9,2/2/2021,14:29:50,4.2129020690918,4.2129020690918,4.2129020690918,4.2129020690918,4.2129020690918,4.2129020690918,4.2129020690918,4.2129020690918,4.2129020690918,4.2129020690918,4.2129020690918,4.2129020690918,4.2129020690918,4.2129020690918
56,9,2/2/2021,14:30:00,4.17237520217896,4.17237520217896,4.17237520217896,4.17237520217896,4.17237520217896,4.17237520217896,4.17237520217896,4.17237520217896,4.17237520217896,4.17237520217896,4.17237520217896,4.17237520217896,4.17237520217896,4.17237520217896
57,9,2/2/2021,14:30:10,4.17227172851563,4.17227172851563,4.17227172851563,4.17227172851563,4.17227172851563,4.17227172851563,4.17227172851563,4.17227172851563,4.17227172851563,4.17227172851563,4.17227172851563,4.17227172851563,4.17227172851563,4.17227172851563
58,9,2/2/2021,14:30:20,4.19714832305908,4.19714832305908,4.19714832305908,4.19714832305908,4.19714832305908,4.19714832305908,4.19714832305908,4.19714832305908,4.19714832305908,4.19714832305908,4.19714832305908,4.19714832305908,4.19714832305908,4.19714832305908
59,9,2/2/2021,14:30:30,4.17288208007813,4.17288208007813,4.17288208007813,4.17288208007813,4.17288208007813,4.17288208007813,4.17288208007813,4.17288208007813,4.17288208007813,4.17288208007813,4.17288208007813,4.17288208007813,4.17288208007813,4.17288208007813
60,9,2/2/2021,14:30:40,4.17058420181274,4.17058420181274,4.17058420181274,4.17058420181274,4.17058420181274,4.17058420181274,4.17058420181274,4.17058420181274,4.17058420181274,4.17058420181274,4.17058420181274,4.17058420181274,4.17058420181274,4.17058420181274
61,9,2/2/2021,14:30:50,4.20764636993408,4.20764636993408,4.20764636993408,4.20764636993408,4.20764636993408,4.20764636993408,4.20764636993408,4.20764636993408,4.20764636993408,4.20764636993408,4.20764636993408,4.20764636993408,4.20764636993408,4.20764636993408
62,9,2/2/2021,14:31:00,4.21611309051514,4.21611309051514,4.21611309051514,4.21611309051514,4.21611309051514,4.21611309051514,4.21611309051514,4.21611309051514,4.21611309051514,4.21611309051514,4.21611309051514,4.21611309051514,4.21611309051514,4.21611309051514
63,9,2/2/2021,14:31:10,4.17094850540161,4.17094850540161,4.17094850540161,4.17094850540161,4.17094850540161,4.17094850540161,4.17094850540161,4.17094850540161,4.17094850540161,4.17094850540161,4.17094850540161,4.17094850540161,4.17094850540161,4.17094850540161
64,9,2/2/2021,14:31:20,4.17080926895142,4.17080926895142,4.17080926895142,4.17080926895142,4.17080926895142,4.17080926895142,4.17080926895142,4.17080926895142,4.17080926895142,4.17080926895142,4.17080926895142,4.17080926895142,4.17080926895142,4.17080926895142
65,9,2/2/2021,14:31:30,4.17104148864746,4.17104148864746,4.17104148864746,4.17104148864746,4.17104148864746,4.17104148864746,4.17104148864746,4.17104148864746,4.17104148864746,4.17104148864746,4.17104148864746,4.17104148864746,4.17104148864746,4.17104148864746
66,9,2/2/2021,14:31:40,4.17136764526367,4.17136764526367,4.17136764526367,4.17136764526367,4.17136764526367,4.17136764526367,4.17136764526367,4.17136764526367,4.17136764526367,4.17136764526367,4.17136764526367,4.17136764526367,4.17136764526367,4.17136764526367
67,9,2/2/2021,14:31:50,4.17093849182129,4.17093849182129,4.17093849182129,4.17093849182129,4.17093849182129,4.17093849182129,4.17093849182129,4.17093849182129,4.17093849182129,4.17093849182129,4.17093849182129,4.17093849182129,4.17093849182129,4.17093849182129
68,9,2/2/2021,14:32:00,4.17258882522583,4.17258882522583,4.17258882522583,4.17258882522583,4.17258882522583,4.17258882522583,4.17258882522583,4.17258882522583,4.17258882522583,4.17258882522583,4.17258882522583,4.17258882522583,4.17258882522583,4.17258882522583
69,9,2/2/2021,14:32:10,4.17185163497925,4.17185163497925,4.17185163497925,4.17185163497925,4.17185163497925,4.17185163497925,4.17185163497925,4.17185163497925,4.17185163497925,4.17185163497925,4.17185163497925,4.17185163497925,4.17185163497925,4.17185163497925
70,9,2/2/2021,14:32:20,4.19880485534668,4.19880485534668,4.19880485534668,4.19880485534668,4.19880485534668,4.19880485534668,4.19880485534668,4.19880485534668,4.19880485534668,4.19880485534668,4.19880485534668,4.19880485534668,4.19880485534668,4.19880485534668
71,9,2/2/2021,14:32:30,4.17444467544556,4.17444467544556,4.17444467544556,4.17444467544556,4.17444467544556,4.17444467544556,4.17444467544556,4.17444467544556,4.17444467544556,4.17444467544556,4.17444467544556,4.17444467544556,4.17444467544556,4.17444467544556
72,13,2/2/2021,14:29:40,-2.39756417274475,-2.39756417274475,-2.39756417274475,-2.39756417274475,-2.39756417274475,-2.39756417274475,-2.39756417274475,-2.39756417274475,-2.39756417274475,-2.39756417274475,-2.39756417274475,-2.39756417274475,-2.39756417274475,-2.39756417274475
73,13,2/2/2021,14:29:50,24.6275196075439,24.6275196075439,24.6275196075439,24.6275196075439,24.6275196075439,24.6275196075439,24.6275196075439,24.6275196075439,24.6275196075439,24.6275196075439,24.6275196075439,24.6275196075439,24.6275196075439,24.6275196075439
74,13,2/2/2021,14:30:00,-51.8860549926758,-51.8860549926758,-51.8860549926758,-51.8860549926758,-51.8860549926758,-51.8860549926758,-51.8860549926758,-51.8860549926758,-51.8860549926758,-51.8860549926758,-51.8860549926758,-51.8860549926758,-51.8860549926758,-51.8860549926758
75,13,2/2/2021,14:30:10,-51.8860549926758,-51.8860549926758,-51.8860549926758,-51.8860549926758,-51.8860549926758,-51.8860549926758,-51.8860549926758,-51.8860549926758,-51.8860549926758,-51.8860549926758,-51.8860549926758,-51.8860549926758,-51.8860549926758,-51.8860549926758
76,13,2/2/2021,14:30:20,-2.69570446014404,-2.69570446014404,-2.69570446014404,-2.69570446014404,-2.69570446014404,-2.69570446014404,-2.69570446014404,-2.69570446014404,-2.69570446014404,-2.69570446014404,-2.69570446014404,-2.69570446014404,-2.69570446014404,-2.69570446014404
77,13,2/2/2021,14:30:30,65.9123611450195,65.9123611450195,65.9123611450195,65.9123611450195,65.9123611450195,65.9123611450195,65.9123611450195,65.9123611450195,65.9123611450195,65.9123611450195,65.9123611450195,65.9123611450195,65.9123611450195,65.9123611450195
78,13,2/2/2021,14:30:40,-78.0952072143555,-78.0952072143555,-78.0952072143555,-78.0952072143555,-78.0952072143555,-78.0952072143555,-78.0952072143555,-78.0952072143555,-78.0952072143555,-78.0952072143555,-78.0952072143555,-78.0952072143555,-78.0952072143555,-78.0952072143555
79,13,2/2/2021,14:30:50,-78.0952072143555,-78.0952072143555,-78.0952072143555,-78.0952072143555,-78.0952072143555,-78.0952072143555,-78.0952072143555,-78.0952072143555,-78.0952072143555,-78.0952072143555,-78.0952072143555,-78.0952072143555,-78.0952072143555,-78.0952072143555
80,13,2/2/2021,14:31:00,-78.0952072143555,-78.0952072143555,-78.0952072143555,-78.0952072143555,-78.0952072143555,-78.0952072143555,-78.0952072143555,-78.0952072143555,-78.0952072143555,-78.0952072143555,-78.0952072143555,-78.0952072143555,-78.0952072143555,-78.0952072143555
81,13,2/2/2021,14:31:10,0,0,0,0,0,0,0,0,0,0,0,0,0,0
82,13,2/2/2021,14:31:20,-82.138298034668,-82.138298034668,-82.138298034668,-82.138298034668,-82.138298034668,-82.138298034668,-82.138298034668,-82.138298034668,-82.138298034668,-82.138298034668,-82.138298034668,-82.138298034668,-82.138298034668,-82.138298034668
83,13,2/2/2021,14:31:30,-82.138298034668,-82.138298034668,-82.138298034668,-82.138298034668,-82.138298034668,-82.138298034668,-82.138298034668,-82.138298034668,-82.138298034668,-82.138298034668,-82.138298034668,-82.138298034668,-82.138298034668,-82.138298034668
84,13,2/2/2021,14:31:40,-29.5950012207031,-29.5950012207031,-29.5950012207031,-29.5950012207031,-29.5950012207031,-29.5950012207031,-29.5950012207031,-29.5950012207031,-29.5950012207031,-29.5950012207031,-29.5950012207031,-29.5950012207031,-29.5950012207031,-29.5950012207031
85,13,2/2/2021,14:31:50,10.2079172134399,10.2079172134399,10.2079172134399,10.2079172134399,10.2079172134399,10.2079172134399,10.2079172134399,10.2079172134399,10.2079172134399,10.2079172134399,10.2079172134399,10.2079172134399,10.2079172134399,10.2079172134399
86,13,2/2/2021,14:32:00,-9.91859912872314,-9.91859912872314,-9.91859912872314,-9.91859912872314,-9.91859912872314,-9.91859912872314,-9.91859912872314,-9.91859912872314,-9.91859912872314,-9.91859912872314,-9.91859912872314,-9.91859912872314,-9.91859912872314,-9.91859912872314
87,13,2/2/2021,14:32:10,-1.47187280654907,-1.47187280654907,-1.47187280654907,-1.47187280654907,-1.47187280654907,-1.47187280654907,-1.47187280654907,-1.47187280654907,-1.47187280654907,-1.47187280654907,-1.47187280654907,-1.47187280654907,-1.47187280654907,-1.47187280654907
88,13,2/2/2021,14:32:20,6.3839168548584,6.3839168548584,6.3839168548584,6.3839168548584,6.3839168548584,6.3839168548584,6.3839168548584,6.3839168548584,6.3839168548584,6.3839168548584,6.3839168548584,6.3839168548584,6.3839168548584,6.3839168548584
89,13,2/2/2021,14:32:30,-52.1822814941406,-52.1822814941406,-52.1822814941406,-52.1822814941406,-52.1822814941406,-52.1822814941406,-52.1822814941406,-52.1822814941406,-52.1822814941406,-52.1822814941406,-52.1822814941406,-52.1822814941406,-52.1822814941406,-52.1822814941406
90,1,2/2/2021,14:29:40,-63.0728569030762,-63.0728569030762,-63.0728569030762,-63.0728569030762,-63.0728569030762,-63.0728569030762,-63.0728569030762,-63.0728569030762,-63.0728569030762,-63.0728569030762,-63.0728569030762,-63.0728569030762,-63.0728569030762,-63.0728569030762
91,1,2/2/2021,14:29:50,-63.0728569030762,-63.0728569030762,-63.0728569030762,-63.0728569030762,-63.0728569030762,-63.0728569030762,-63.0728569030762,-63.0728569030762,-63.0728569030762,-63.0728569030762,-63.0728569030762,-63.0728569030762,-63.0728569030762,-63.0728569030762
92,1,2/2/2021,14:30:00,-18.454174041748,-18.454174041748,-18.454174041748,-18.454174041748,-18.454174041748,-18.454174041748,-18.454174041748,-18.454174041748,-18.454174041748,-18.454174041748,-18.454174041748,-18.454174041748,-18.454174041748,-18.454174041748
93,1,2/2/2021,14:30:10,-18.454174041748,-18.454174041748,-18.454174041748,-18.454174041748,-18.454174041748,-18.454174041748,-18.454174041748,-18.454174041748,-18.454174041748,-18.454174041748,-18.454174041748,-18.454174041748,-18.454174041748,-18.454174041748
94,1,2/2/2021,14:30:20,-18.454174041748,-18.454174041748,-18.454174041748,-18.454174041748,-18.454174041748,-18.454174041748,-18.454174041748,-18.454174041748,-18.454174041748,-18.454174041748,-18.454174041748,-18.454174041748,-18.454174041748,-18.454174041748
95,1,2/2/2021,14:30:30,-18.454174041748,-18.454174041748,-18.454174041748,-18.454174041748,-18.454174041748,-18.454174041748,-18.454174041748,-18.454174041748,-18.454174041748,-18.454174041748,-18.454174041748,-18.454174041748,-18.454174041748,-18.454174041748
96,1,2/2/2021,14:30:40,-18.454174041748,-18.454174041748,-18.454174041748,-18.454174041748,-18.454174041748,-18.454174041748,-18.454174041748,-18.454174041748,-18.454174041748,-18.454174041748,-18.454174041748,-18.454174041748,-18.454174041748,-18.454174041748
97,1,2/2/2021,14:30:50,-18.454174041748,-18.454174041748,-18.454174041748,-18.454174041748,-18.454174041748,-18.454174041748,-18.454174041748,-18.454174041748,-18.454174041748,-18.454174041748,-18.454174041748,-18.454174041748,-18.454174041748,-18.454174041748
98,1,2/2/2021,14:31:00,-18.454174041748,-18.454174041748,-18.454174041748,-18.454174041748,-18.454174041748,-18.454174041748,-18.454174041748,-18.454174041748,-18.454174041748,-18.454174041748,-18.454174041748,-18.454174041748,-18.454174041748,-18.454174041748
99,1,2/2/2021,14:31:10,-18.454174041748,-18.454174041748,-18.454174041748,-18.454174041748,-18.454174041748,-18.454174041748,-18.454174041748,-18.454174041748,-18.454174041748,-18.454174041748,-18.454174041748,-18.454174041748,-18.454174041748,-18.454174041748
100,1,2/2/2021,14:31:20,-18.454174041748,-18.454174041748,-18.454174041748,-18.454174041748,-18.454174041748,-18.454174041748,-18.454174041748,-18.454174041748,-18.454174041748,-18.454174041748,-18.454174041748,-18.454174041748,-18.454174041748,-18.454174041748
101,1,2/2/2021,14:31:30,-18.454174041748,-18.454174041748,-18.454174041748,-18.454174041748,-18.454174041748,-18.454174041748,-18.454174041748,-18.454174041748,-18.454174041748,-18.454174041748,-18.454174041748,-18.454174041748,-18.454174041748,-18.454174041748
102,1,2/2/2021,14:31:40,-79.2089385986328,-79.2089385986328,-79.2089385986328,-79.2089385986328,-79.2089385986328,-79.2089385986328,-79.2089385986328,-79.2089385986328,-79.2089385986328,-79.2089385986328,-79.2089385986328,-79.2089385986328,-79.2089385986328,-79.2089385986328
103,1,2/2/2021,14:31:50,-79.2089385986328,-79.2089385986328,-79.2089385986328,-79.2089385986328,-79.2089385986328,-79.2089385986328,-79.2089385986328,-79.2089385986328,-79.2089385986328,-79.2089385986328,-79.2089385986328,-79.2089385986328,-79.2089385986328,-79.2089385986328
104,1,2/2/2021,14:32:00,-79.2089385986328,-79.2089385986328,-79.2089385986328,-79.2089385986328,-79.2089385986328,-79.2089385986328,-79.2089385986328,-79.2089385986328,-79.2089385986328,-79.2089385986328,-79.2089385986328,-79.2089385986328,-79.2089385986328,-79.2089385986328
105,1,2/2/2021,14:32:10,16.5217342376709,16.5217342376709,16.5217342376709,16.5217342376709,16.5217342376709,16.5217342376709,16.5217342376709,16.5217342376709,16.5217342376709,16.5217342376709,16.5217342376709,16.5217342376709,16.5217342376709,16.5217342376709
106,1,2/2/2021,14:32:20,16.5217342376709,16.5217342376709,16.5217342376709,16.5217342376709,16.5217342376709,16.5217342376709,16.5217342376709,16.5217342376709,16.5217342376709,16.5217342376709,16.5217342376709,16.5217342376709,16.5217342376709,16.5217342376709
107,1,2/2/2021,14:32:30,16.5217342376709,16.5217342376709,16.5217342376709,16.5217342376709,16.5217342376709,16.5217342376709,16.5217342376709,16.5217342376709,16.5217342376709,16.5217342376709,16.5217342376709,16.5217342376709,16.5217342376709,16.5217342376709
108,2,2/2/2021,14:29:40,0,0,0,0,0,0,0,0,0,0,0,0,0,0
109,2,2/2/2021,14:29:50,0,0,0,0,0,0,0,0,0,0,0,0,0,0
110,2,2/2/2021,14:30:00,0,0,0,0,0,0,0,0,0,0,0,0,0,0
111,2,2/2/2021,14:30:10,0,0,0,0,0,0,0,0,0,0,0,0,0,0
112,2,2/2/2021,14:30:20,0,0,0,0,0,0,0,0,0,0,0,0,0,0
113,2,2/2/2021,14:30:30,0,0,0,0,0,0,0,0,0,0,0,0,0,0
114,2,2/2/2021,14:30:40,0,0,0,0,0,0,0,0,0,0,0,0,0,0
115,2,2/2/2021,14:30:50,0,0,0,0,0,0,0,0,0,0,0,0,0,0
116,2,2/2/2021,14:31:00,0,0,0,0,0,0,0,0,0,0,0,0,0,0
117,2,2/2/2021,14:31:10,0,0,0,0,0,0,0,0,0,0,0,0,0,0
118,2,2/2/2021,14:31:20,0,0,0,0,0,0,0,0,0,0,0,0,0,0
119,2,2/2/2021,14:31:30,0,0,0,0,0,0,0,0,0,0,0,0,0,0
120,2,2/2/2021,14:31:40,0,0,0,0,0,0,0,0,0,0,0,0,0,0
121,2,2/2/2021,14:31:50,0,0,0,0,0,0,0,0,0,0,0,0,0,0
122,2,2/2/2021,14:32:00,0,0,0,0,0,0,0,0,0,0,0,0,0,0
123,2,2/2/2021,14:32:10,0,0,0,0,0,0,0,0,0,0,0,0,0,0
124,2,2/2/2021,14:32:20,0,0,0,0,0,0,0,0,0,0,0,0,0,0
125,2,2/2/2021,14:32:30,0,0,0,0,0,0,0,0,0,0,0,0,0,0
126,12,2/2/2021,14:29:40,4.09948015213013,4.09948015213013,4.09948015213013,4.09948015213013,4.09948015213013,4.09948015213013,4.09948015213013,4.09948015213013,4.09948015213013,4.09948015213013,4.09948015213013,4.09948015213013,4.09948015213013,4.09948015213013
127,12,2/2/2021,14:29:50,4.0210599899292,4.0210599899292,4.0210599899292,4.0210599899292,4.0210599899292,4.0210599899292,4.0210599899292,4.0210599899292,4.0210599899292,4.0210599899292,4.0210599899292,4.0210599899292,4.0210599899292,4.0210599899292
128,12,2/2/2021,14:30:00,4.20710325241089,4.20710325241089,4.20710325241089,4.20710325241089,4.20710325241089,4.20710325241089,4.20710325241089,4.20710325241089,4.20710325241089,4.20710325241089,4.20710325241089,4.20710325241089,4.20710325241089,4.20710325241089
129,12,2/2/2021,14:30:10,2.89379835128784,2.89379835128784,2.89379835128784,2.89379835128784,2.89379835128784,2.89379835128784,2.89379835128784,2.89379835128784,2.89379835128784,2.89379835128784,2.89379835128784,2.89379835128784,2.89379835128784,2.89379835128784
130,12,2/2/2021,14:30:20,3.90881538391113,3.90881538391113,3.90881538391113,3.90881538391113,3.90881538391113,3.90881538391113,3.90881538391113,3.90881538391113,3.90881538391113,3.90881538391113,3.90881538391113,3.90881538391113,3.90881538391113,3.90881538391113
131,12,2/2/2021,14:30:30,4.10939741134644,4.10939741134644,4.10939741134644,4.10939741134644,4.10939741134644,4.10939741134644,4.10939741134644,4.10939741134644,4.10939741134644,4.10939741134644,4.10939741134644,4.10939741134644,4.10939741134644,4.10939741134644
132,12,2/2/2021,14:30:40,4.08915710449219,4.08915710449219,4.08915710449219,4.08915710449219,4.08915710449219,4.08915710449219,4.08915710449219,4.08915710449219,4.08915710449219,4.08915710449219,4.08915710449219,4.08915710449219,4.08915710449219,4.08915710449219
133,12,2/2/2021,14:30:50,3.93248105049133,3.93248105049133,3.93248105049133,3.93248105049133,3.93248105049133,3.93248105049133,3.93248105049133,3.93248105049133,3.93248105049133,3.93248105049133,3.93248105049133,3.93248105049133,3.93248105049133,3.93248105049133
134,12,2/2/2021,14:31:00,4.06653022766113,4.06653022766113,4.06653022766113,4.06653022766113,4.06653022766113,4.06653022766113,4.06653022766113,4.06653022766113,4.06653022766113,4.06653022766113,4.06653022766113,4.06653022766113,4.06653022766113,4.06653022766113
135,12,2/2/2021,14:31:10,4.01923656463623,4.01923656463623,4.01923656463623,4.01923656463623,4.01923656463623,4.01923656463623,4.01923656463623,4.01923656463623,4.01923656463623,4.01923656463623,4.01923656463623,4.01923656463623,4.01923656463623,4.01923656463623
136,12,2/2/2021,14:31:20,2.9297833442688,2.9297833442688,2.9297833442688,2.9297833442688,2.9297833442688,2.9297833442688,2.9297833442688,2.9297833442688,2.9297833442688,2.9297833442688,2.9297833442688,2.9297833442688,2.9297833442688,2.9297833442688
137,12,2/2/2021,14:31:30,4.05118846893311,4.05118846893311,4.05118846893311,4.05118846893311,4.05118846893311,4.05118846893311,4.05118846893311,4.05118846893311,4.05118846893311,4.05118846893311,4.05118846893311,4.05118846893311,4.05118846893311,4.05118846893311
138,12,2/2/2021,14:31:40,4.14274549484253,4.14274549484253,4.14274549484253,4.14274549484253,4.14274549484253,4.14274549484253,4.14274549484253,4.14274549484253,4.14274549484253,4.14274549484253,4.14274549484253,4.14274549484253,4.14274549484253,4.14274549484253
139,12,2/2/2021,14:31:50,3.97421526908875,3.97421526908875,3.97421526908875,3.97421526908875,3.97421526908875,3.97421526908875,3.97421526908875,3.97421526908875,3.97421526908875,3.97421526908875,3.97421526908875,3.97421526908875,3.97421526908875,3.97421526908875
140,12,2/2/2021,14:32:00,4.18271923065186,4.18271923065186,4.18271923065186,4.18271923065186,4.18271923065186,4.18271923065186,4.18271923065186,4.18271923065186,4.18271923065186,4.18271923065186,4.18271923065186,4.18271923065186,4.18271923065186,4.18271923065186
141,12,2/2/2021,14:32:10,4.11317253112793,4.11317253112793,4.11317253112793,4.11317253112793,4.11317253112793,4.11317253112793,4.11317253112793,4.11317253112793,4.11317253112793,4.11317253112793,4.11317253112793,4.11317253112793,4.11317253112793,4.11317253112793
142,12,2/2/2021,14:32:20,4.11424160003662,4.11424160003662,4.11424160003662,4.11424160003662,4.11424160003662,4.11424160003662,4.11424160003662,4.11424160003662,4.11424160003662,4.11424160003662,4.11424160003662,4.11424160003662,4.11424160003662,4.11424160003662
143,12,2/2/2021,14:32:30,4.03008699417114,4.03008699417114,4.03008699417114,4.03008699417114,4.03008699417114,4.03008699417114,4.03008699417114,4.03008699417114,4.03008699417114,4.03008699417114,4.03008699417114,4.03008699417114,4.03008699417114,4.03008699417114
144,16,2/2/2021,14:29:40,6.77459955215454,6.77459955215454,6.77459955215454,6.77459955215454,6.77459955215454,6.77459955215454,6.77459955215454,6.77459955215454,6.77459955215454,6.77459955215454,6.77459955215454,6.77459955215454,6.77459955215454,6.77459955215454
145,16,2/2/2021,14:29:50,6.7748236656189,6.7748236656189,6.7748236656189,6.7748236656189,6.7748236656189,6.7748236656189,6.7748236656189,6.7748236656189,6.7748236656189,6.7748236656189,6.7748236656189,6.7748236656189,6.7748236656189,6.7748236656189
146,16,2/2/2021,14:30:00,6.76768159866333,6.76768159866333,6.76768159866333,6.76768159866333,6.76768159866333,6.76768159866333,6.76768159866333,6.76768159866333,6.76768159866333,6.76768159866333,6.76768159866333,6.76768159866333,6.76768159866333,6.76768159866333
147,16,2/2/2021,14:30:10,6.76750755310059,6.76750755310059,6.76750755310059,6.76750755310059,6.76750755310059,6.76750755310059,6.76750755310059,6.76750755310059,6.76750755310059,6.76750755310059,6.76750755310059,6.76750755310059,6.76750755310059,6.76750755310059
148,16,2/2/2021,14:30:20,6.76768016815186,6.76768016815186,6.76768016815186,6.76768016815186,6.76768016815186,6.76768016815186,6.76768016815186,6.76768016815186,6.76768016815186,6.76768016815186,6.76768016815186,6.76768016815186,6.76768016815186,6.76768016815186
149,16,2/2/2021,14:30:30,6.76918363571167,6.76918363571167,6.76918363571167,6.76918363571167,6.76918363571167,6.76918363571167,6.76918363571167,6.76918363571167,6.76918363571167,6.76918363571167,6.76918363571167,6.76918363571167,6.76918363571167,6.76918363571167
150,16,2/2/2021,14:30:40,6.76789903640747,6.76789903640747,6.76789903640747,6.76789903640747,6.76789903640747,6.76789903640747,6.76789903640747,6.76789903640747,6.76789903640747,6.76789903640747,6.76789903640747,6.76789903640747,6.76789903640747,6.76789903640747
151,16,2/2/2021,14:30:50,6.76724529266357,6.76724529266357,6.76724529266357,6.76724529266357,6.76724529266357,6.76724529266357,6.76724529266357,6.76724529266357,6.76724529266357,6.76724529266357,6.76724529266357,6.76724529266357,6.76724529266357,6.76724529266357
152,16,2/2/2021,14:31:00,6.76758718490601,6.76758718490601,6.76758718490601,6.76758718490601,6.76758718490601,6.76758718490601,6.76758718490601,6.76758718490601,6.76758718490601,6.76758718490601,6.76758718490601,6.76758718490601,6.76758718490601,6.76758718490601
153,16,2/2/2021,14:31:10,6.76759624481201,6.76759624481201,6.76759624481201,6.76759624481201,6.76759624481201,6.76759624481201,6.76759624481201,6.76759624481201,6.76759624481201,6.76759624481201,6.76759624481201,6.76759624481201,6.76759624481201,6.76759624481201
154,16,2/2/2021,14:31:20,6.76768159866333,6.76768159866333,6.76768159866333,6.76768159866333,6.76768159866333,6.76768159866333,6.76768159866333,6.76768159866333,6.76768159866333,6.76768159866333,6.76768159866333,6.76768159866333,6.76768159866333,6.76768159866333
155,16,2/2/2021,14:31:30,6.76779365539551,6.76779365539551,6.76779365539551,6.76779365539551,6.76779365539551,6.76779365539551,6.76779365539551,6.76779365539551,6.76779365539551,6.76779365539551,6.76779365539551,6.76779365539551,6.76779365539551,6.76779365539551
156,16,2/2/2021,14:31:40,6.76776647567749,6.76776647567749,6.76776647567749,6.76776647567749,6.76776647567749,6.76776647567749,6.76776647567749,6.76776647567749,6.76776647567749,6.76776647567749,6.76776647567749,6.76776647567749,6.76776647567749,6.76776647567749
157,16,2/2/2021,14:31:50,6.77123308181763,6.77123308181763,6.77123308181763,6.77123308181763,6.77123308181763,6.77123308181763,6.77123308181763,6.77123308181763,6.77123308181763,6.77123308181763,6.77123308181763,6.77123308181763,6.77123308181763,6.77123308181763
158,16,2/2/2021,14:32:00,6.77305936813354,6.77305936813354,6.77305936813354,6.77305936813354,6.77305936813354,6.77305936813354,6.77305936813354,6.77305936813354,6.77305936813354,6.77305936813354,6.77305936813354,6.77305936813354,6.77305936813354,6.77305936813354
159,16,2/2/2021,14:32:10,6.76785326004028,6.76785326004028,6.76785326004028,6.76785326004028,6.76785326004028,6.76785326004028,6.76785326004028,6.76785326004028,6.76785326004028,6.76785326004028,6.76785326004028,6.76785326004028,6.76785326004028,6.76785326004028
160,16,2/2/2021,14:32:20,6.76790571212769,6.76790571212769,6.76790571212769,6.76790571212769,6.76790571212769,6.76790571212769,6.76790571212769,6.76790571212769,6.76790571212769,6.76790571212769,6.76790571212769,6.76790571212769,6.76790571212769,6.76790571212769
161,16,2/2/2021,14:32:30,6.76854419708252,6.76854419708252,6.76854419708252,6.76854419708252,6.76854419708252,6.76854419708252,6.76854419708252,6.76854419708252,6.76854419708252,6.76854419708252,6.76854419708252,6.76854419708252,6.76854419708252,6.76854419708252
162,8,2/2/2021,14:29:40,1.44073235988617,1.44073235988617,1.44073235988617,1.44073235988617,1.44073235988617,1.44073235988617,1.44073235988617,1.44073235988617,1.44073235988617,1.44073235988617,1.44073235988617,1.44073235988617,1.44073235988617,1.44073235988617
163,8,2/2/2021,14:29:50,1.40850472450256,1.40850472450256,1.40850472450256,1.40850472450256,1.40850472450256,1.40850472450256,1.40850472450256,1.40850472450256,1.40850472450256,1.40850472450256,1.40850472450256,1.40850472450256,1.40850472450256,1.40850472450256
164,8,2/2/2021,14:30:00,1.41146767139435,1.41146767139435,1.41146767139435,1.41146767139435,1.41146767139435,1.41146767139435,1.41146767139435,1.41146767139435,1.41146767139435,1.41146767139435,1.41146767139435,1.41146767139435,1.41146767139435,1.41146767139435
165,8,2/2/2021,14:30:10,1.46683526039124,1.46683526039124,1.46683526039124,1.46683526039124,1.46683526039124,1.46683526039124,1.46683526039124,1.46683526039124,1.46683526039124,1.46683526039124,1.46683526039124,1.46683526039124,1.46683526039124,1.46683526039124
166,8,2/2/2021,14:30:20,1.44030916690826,1.44030916690826,1.44030916690826,1.44030916690826,1.44030916690826,1.44030916690826,1.44030916690826,1.44030916690826,1.44030916690826,1.44030916690826,1.44030916690826,1.44030916690826,1.44030916690826,1.44030916690826
167,8,2/2/2021,14:30:30,1.41051399707794,1.41051399707794,1.41051399707794,1.41051399707794,1.41051399707794,1.41051399707794,1.41051399707794,1.41051399707794,1.41051399707794,1.41051399707794,1.41051399707794,1.41051399707794,1.41051399707794,1.41051399707794
168,8,2/2/2021,14:30:40,1.455690741539,1.455690741539,1.455690741539,1.455690741539,1.455690741539,1.455690741539,1.455690741539,1.455690741539,1.455690741539,1.455690741539,1.455690741539,1.455690741539,1.455690741539,1.455690741539
169,8,2/2/2021,14:30:50,1.463005900383,1.463005900383,1.463005900383,1.463005900383,1.463005900383,1.463005900383,1.463005900383,1.463005900383,1.463005900383,1.463005900383,1.463005900383,1.463005900383,1.463005900383,1.463005900383
170,8,2/2/2021,14:31:00,1.41108787059784,1.41108787059784,1.41108787059784,1.41108787059784,1.41108787059784,1.41108787059784,1.41108787059784,1.41108787059784,1.41108787059784,1.41108787059784,1.41108787059784,1.41108787059784,1.41108787059784,1.41108787059784
171,8,2/2/2021,14:31:10,1.44006729125977,1.44006729125977,1.44006729125977,1.44006729125977,1.44006729125977,1.44006729125977,1.44006729125977,1.44006729125977,1.44006729125977,1.44006729125977,1.44006729125977,1.44006729125977,1.44006729125977,1.44006729125977
172,8,2/2/2021,14:31:20,1.40775239467621,1.40775239467621,1.40775239467621,1.40775239467621,1.40775239467621,1.40775239467621,1.40775239467621,1.40775239467621,1.40775239467621,1.40775239467621,1.40775239467621,1.40775239467621,1.40775239467621,1.40775239467621
173,8,2/2/2021,14:31:30,1.45506727695465,1.45506727695465,1.45506727695465,1.45506727695465,1.45506727695465,1.45506727695465,1.45506727695465,1.45506727695465,1.45506727695465,1.45506727695465,1.45506727695465,1.45506727695465,1.45506727695465,1.45506727695465
174,8,2/2/2021,14:31:40,1.46831977367401,1.46831977367401,1.46831977367401,1.46831977367401,1.46831977367401,1.46831977367401,1.46831977367401,1.46831977367401,1.46831977367401,1.46831977367401,1.46831977367401,1.46831977367401,1.46831977367401,1.46831977367401
175,8,2/2/2021,14:31:50,1.44205152988434,1.44205152988434,1.44205152988434,1.44205152988434,1.44205152988434,1.44205152988434,1.44205152988434,1.44205152988434,1.44205152988434,1.44205152988434,1.44205152988434,1.44205152988434,1.44205152988434,1.44205152988434
176,8,2/2/2021,14:32:00,1.464923620224,1.464923620224,1.464923620224,1.464923620224,1.464923620224,1.464923620224,1.464923620224,1.464923620224,1.464923620224,1.464923620224,1.464923620224,1.464923620224,1.464923620224,1.464923620224
177,8,2/2/2021,14:32:10,1.40986979007721,1.40986979007721,1.40986979007721,1.40986979007721,1.40986979007721,1.40986979007721,1.40986979007721,1.40986979007721,1.40986979007721,1.40986979007721,1.40986979007721,1.40986979007721,1.40986979007721,1.40986979007721
178,8,2/2/2021,14:32:20,1.46868360042572,1.46868360042572,1.46868360042572,1.46868360042572,1.46868360042572,1.46868360042572,1.46868360042572,1.46868360042572,1.46868360042572,1.46868360042572,1.46868360042572,1.46868360042572,1.46868360042572,1.46868360042572
179,8,2/2/2021,14:32:30,1.40971601009369,1.40971601009369,1.40971601009369,1.40971601009369,1.40971601009369,1.40971601009369,1.40971601009369,1.40971601009369,1.40971601009369,1.40971601009369,1.40971601009369,1.40971601009369,1.40971601009369,1.40971601009369
180,5,2/2/2021,14:29:40,0,0,0,0,0,0,0,0,0,0,0,0,0,0
181,5,2/2/2021,14:29:50,0,0,0,0,0,0,0,0,0,0,0,0,0,0
182,5,2/2/2021,14:30:00,0,0,0,0,0,0,0,0,0,0,0,0,0,0
183,5,2/2/2021,14:30:10,0,0,0,0,0,0,0,0,0,0,0,0,0,0
184,5,2/2/2021,14:30:20,0,0,0,0,0,0,0,0,0,0,0,0,0,0
185,5,2/2/2021,14:30:30,0,0,0,0,0,0,0,0,0,0,0,0,0,0
186,5,2/2/2021,14:30:40,0,0,0,0,0,0,0,0,0,0,0,0,0,0
187,5,2/2/2021,14:30:50,0,0,0,0,0,0,0,0,0,0,0,0,0,0
188,5,2/2/2021,14:31:00,0,0,0,0,0,0,0,0,0,0,0,0,0,0
189,5,2/2/2021,14:31:10,0,0,0,0,0,0,0,0,0,0,0,0,0,0
190,5,2/2/2021,14:31:20,0,0,0,0,0,0,0,0,0,0,0,0,0,0
191,5,2/2/2021,14:31:30,0,0,0,0,0,0,0,0,0,0,0,0,0,0
192,5,2/2/2021,14:31:40,0,0,0,0,0,0,0,0,0,0,0,0,0,0
193,5,2/2/2021,14:31:50,0,0,0,0,0,0,0,0,0,0,0,0,0,0
194,5,2/2/2021,14:32:00,0,0,0,0,0,0,0,0,0,0,0,0,0,0
195,5,2/2/2021,14:32:10,0,0,0,0,0,0,0,0,0,0,0,0,0,0
196,5,2/2/2021,14:32:20,0,0,0,0,0,0,0,0,0,0,0,0,0,0
197,5,2/2/2021,14:32:30,0,0,0,0,0,0,0,0,0,0,0,0,0,0
198,11,2/2/2021,14:29:40,-0.0333765633404255,-0.0333765633404255,-0.0333765633404255,-0.0333765633404255,-0.0333765633404255,-0.0333765633404255,-0.0333765633404255,-0.0333765633404255,-0.0333765633404255,-0.0333765633404255,-0.0333765633404255,-0.0333765633404255,-0.0333765633404255,-0.0333765633404255
199,11,2/2/2021,14:29:50,-0.0333765633404255,-0.0333765633404255,-0.0333765633404255,-0.0333765633404255,-0.0333765633404255,-0.0333765633404255,-0.0333765633404255,-0.0333765633404255,-0.0333765633404255,-0.0333765633404255,-0.0333765633404255,-0.0333765633404255,-0.0333765633404255,-0.0333765633404255
200,11,2/2/2021,14:30:00,-0.0333765633404255,-0.0333765633404255,-0.0333765633404255,-0.0333765633404255,-0.0333765633404255,-0.0333765633404255,-0.0333765633404255,-0.0333765633404255,-0.0333765633404255,-0.0333765633404255,-0.0333765633404255,-0.0333765633404255,-0.0333765633404255,-0.0333765633404255
201,11,2/2/2021,14:30:10,-0.0333765633404255,-0.0333765633404255,-0.0333765633404255,-0.0333765633404255,-0.0333765633404255,-0.0333765633404255,-0.0333765633404255,-0.0333765633404255,-0.0333765633404255,-0.0333765633404255,-0.0333765633404255,-0.0333765633404255,-0.0333765633404255,-0.0333765633404255
202,11,2/2/2021,14:30:20,-0.0333765633404255,-0.0333765633404255,-0.0333765633404255,-0.0333765633404255,-0.0333765633404255,-0.0333765633404255,-0.0333765633404255,-0.0333765633404255,-0.0333765633404255,-0.0333765633404255,-0.0333765633404255,-0.0333765633404255,-0.0333765633404255,-0.0333765633404255
203,11,2/2/2021,14:30:30,-0.0333765633404255,-0.0333765633404255,-0.0333765633404255,-0.0333765633404255,-0.0333765633404255,-0.0333765633404255,-0.0333765633404255,-0.0333765633404255,-0.0333765633404255,-0.0333765633404255,-0.0333765633404255,-0.0333765633404255,-0.0333765633404255,-0.0333765633404255
204,11,2/2/2021,14:30:40,-0.0333765633404255,-0.0333765633404255,-0.0333765633404255,-0.0333765633404255,-0.0333765633404255,-0.0333765633404255,-0.0333765633404255,-0.0333765633404255,-0.0333765633404255,-0.0333765633404255,-0.0333765633404255,-0.0333765633404255,-0.0333765633404255,-0.0333765633404255
205,11,2/2/2021,14:30:50,-0.0333765633404255,-0.0333765633404255,-0.0333765633404255,-0.0333765633404255,-0.0333765633404255,-0.0333765633404255,-0.0333765633404255,-0.0333765633404255,-0.0333765633404255,-0.0333765633404255,-0.0333765633404255,-0.0333765633404255,-0.0333765633404255,-0.0333765633404255
206,11,2/2/2021,14:31:00,0,0,0,0,0,0,0,0,0,0,0,0,0,0
207,11,2/2/2021,14:31:10,-0.0348109118640423,-0.0348109118640423,-0.0348109118640423,-0.0348109118640423,-0.0348109118640423,-0.0348109118640423,-0.0348109118640423,-0.0348109118640423,-0.0348109118640423,-0.0348109118640423,-0.0348109118640423,-0.0348109118640423,-0.0348109118640423,-0.0348109118640423
208,11,2/2/2021,14:31:20,-0.0348109118640423,-0.0348109118640423,-0.0348109118640423,-0.0348109118640423,-0.0348109118640423,-0.0348109118640423,-0.0348109118640423,-0.0348109118640423,-0.0348109118640423,-0.0348109118640423,-0.0348109118640423,-0.0348109118640423,-0.0348109118640423,-0.0348109118640423
209,11,2/2/2021,14:31:30,-0.0348109118640423,-0.0348109118640423,-0.0348109118640423,-0.0348109118640423,-0.0348109118640423,-0.0348109118640423,-0.0348109118640423,-0.0348109118640423,-0.0348109118640423,-0.0348109118640423,-0.0348109118640423,-0.0348109118640423,-0.0348109118640423,-0.0348109118640423
210,11,2/2/2021,14:31:40,-0.0348109118640423,-0.0348109118640423,-0.0348109118640423,-0.0348109118640423,-0.0348109118640423,-0.0348109118640423,-0.0348109118640423,-0.0348109118640423,-0.0348109118640423,-0.0348109118640423,-0.0348109118640423,-0.0348109118640423,-0.0348109118640423,-0.0348109118640423
211,11,2/2/2021,14:31:50,-0.0348109118640423,-0.0348109118640423,-0.0348109118640423,-0.0348109118640423,-0.0348109118640423,-0.0348109118640423,-0.0348109118640423,-0.0348109118640423,-0.0348109118640423,-0.0348109118640423,-0.0348109118640423,-0.0348109118640423,-0.0348109118640423,-0.0348109118640423
212,11,2/2/2021,14:32:00,-0.0348109118640423,-0.0348109118640423,-0.0348109118640423,-0.0348109118640423,-0.0348109118640423,-0.0348109118640423,-0.0348109118640423,-0.0348109118640423,-0.0348109118640423,-0.0348109118640423,-0.0348109118640423,-0.0348109118640423,-0.0348109118640423,-0.0348109118640423
213,11,2/2/2021,14:32:10,-0.0348109118640423,-0.0348109118640423,-0.0348109118640423,-0.0348109118640423,-0.0348109118640423,-0.0348109118640423,-0.0348109118640423,-0.0348109118640423,-0.0348109118640423,-0.0348109118640423,-0.0348109118640423,-0.0348109118640423,-0.0348109118640423,-0.0348109118640423
214,11,2/2/2021,14:32:20,-0.0348109118640423,-0.0348109118640423,-0.0348109118640423,-0.0348109118640423,-0.0348109118640423,-0.0348109118640423,-0.0348109118640423,-0.0348109118640423,-0.0348109118640423,-0.0348109118640423,-0.0348109118640423,-0.0348109118640423,-0.0348109118640423,-0.0348109118640423
215,11,2/2/2021,14:32:30,-0.0348109118640423,-0.0348109118640423,-0.0348109118640423,-0.0348109118640423,-0.0348109118640423,-0.0348109118640423,-0.0348109118640423,-0.0348109118640423,-0.0348109118640423,-0.0348109118640423,-0.0348109118640423,-0.0348109118640423,-0.0348109118640423,-0.0348109118640423
216,4,2/2/2021,14:29:40,-6.40782260894775,-6.40782260894775,-6.40782260894775,-6.40782260894775,-6.40782260894775,-6.40782260894775,-6.40782260894775,-6.40782260894775,-6.40782260894775,-6.40782260894775,-6.40782260894775,-6.40782260894775,-6.40782260894775,-6.40782260894775
217,4,2/2/2021,14:29:50,-6.40782260894775,-6.40782260894775,-6.40782260894775,-6.40782260894775,-6.40782260894775,-6.40782260894775,-6.40782260894775,-6.40782260894775,-6.40782260894775,-6.40782260894775,-6.40782260894775,-6.40782260894775,-6.40782260894775,-6.40782260894775
218,4,2/2/2021,14:30:00,-6.40782260894775,-6.40782260894775,-6.40782260894775,-6.40782260894775,-6.40782260894775,-6.40782260894775,-6.40782260894775,-6.40782260894775,-6.40782260894775,-6.40782260894775,-6.40782260894775,-6.40782260894775,-6.40782260894775,-6.40782260894775
219,4,2/2/2021,14:30:10,-6.40782260894775,-6.40782260894775,-6.40782260894775,-6.40782260894775,-6.40782260894775,-6.40782260894775,-6.40782260894775,-6.40782260894775,-6.40782260894775,-6.40782260894775,-6.40782260894775,-6.40782260894775,-6.40782260894775,-6.40782260894775
220,4,2/2/2021,14:30:20,-6.40782260894775,-6.40782260894775,-6.40782260894775,-6.40782260894775,-6.40782260894775,-6.40782260894775,-6.40782260894775,-6.40782260894775,-6.40782260894775,-6.40782260894775,-6.40782260894775,-6.40782260894775,-6.40782260894775,-6.40782260894775
221,4,2/2/2021,14:30:30,-6.40782260894775,-6.40782260894775,-6.40782260894775,-6.40782260894775,-6.40782260894775,-6.40782260894775,-6.40782260894775,-6.40782260894775,-6.40782260894775,-6.40782260894775,-6.40782260894775,-6.40782260894775,-6.40782260894775,-6.40782260894775
222,4,2/2/2021,14:30:40,-6.40782260894775,-6.40782260894775,-6.40782260894775,-6.40782260894775,-6.40782260894775,-6.40782260894775,-6.40782260894775,-6.40782260894775,-6.40782260894775,-6.40782260894775,-6.40782260894775,-6.40782260894775,-6.40782260894775,-6.40782260894775
223,4,2/2/2021,14:30:50,-6.40782260894775,-6.40782260894775,-6.40782260894775,-6.40782260894775,-6.40782260894775,-6.40782260894775,-6.40782260894775,-6.40782260894775,-6.40782260894775,-6.40782260894775,-6.40782260894775,-6.40782260894775,-6.40782260894775,-6.40782260894775
224,4,2/2/2021,14:31:00,-6.40782260894775,-6.40782260894775,-6.40782260894775,-6.40782260894775,-6.40782260894775,-6.40782260894775,-6.40782260894775,-6.40782260894775,-6.40782260894775,-6.40782260894775,-6.40782260894775,-6.40782260894775,-6.40782260894775,-6.40782260894775
225,4,2/2/2021,14:31:10,-6.40782260894775,-6.40782260894775,-6.40782260894775,-6.40782260894775,-6.40782260894775,-6.40782260894775,-6.40782260894775,-6.40782260894775,-6.40782260894775,-6.40782260894775,-6.40782260894775,-6.40782260894775,-6.40782260894775,-6.40782260894775
226,4,2/2/2021,14:31:20,-6.40782260894775,-6.40782260894775,-6.40782260894775,-6.40782260894775,-6.40782260894775,-6.40782260894775,-6.40782260894775,-6.40782260894775,-6.40782260894775,-6.40782260894775,-6.40782260894775,-6.40782260894775,-6.40782260894775,-6.40782260894775
227,4,2/2/2021,14:31:30,-6.40782260894775,-6.40782260894775,-6.40782260894775,-6.40782260894775,-6.40782260894775,-6.40782260894775,-6.40782260894775,-6.40782260894775,-6.40782260894775,-6.40782260894775,-6.40782260894775,-6.40782260894775,-6.40782260894775,-6.40782260894775
228,4,2/2/2021,14:31:40,-6.40782260894775,-6.40782260894775,-6.40782260894775,-6.40782260894775,-6.40782260894775,-6.40782260894775,-6.40782260894775,-6.40782260894775,-6.40782260894775,-6.40782260894775,-6.40782260894775,-6.40782260894775,-6.40782260894775,-6.40782260894775
229,4,2/2/2021,14:31:50,-6.40782260894775,-6.40782260894775,-6.40782260894775,-6.40782260894775,-6.40782260894775,-6.40782260894775,-6.40782260894775,-6.40782260894775,-6.40782260894775,-6.40782260894775,-6.40782260894775,-6.40782260894775,-6.40782260894775,-6.40782260894775
230,4,2/2/2021,14:32:00,-6.40782260894775,-6.40782260894775,-6.40782260894775,-6.40782260894775,-6.40782260894775,-6.40782260894775,-6.40782260894775,-6.40782260894775,-6.40782260894775,-6.40782260894775,-6.40782260894775,-6.40782260894775,-6.40782260894775,-6.40782260894775
231,4,2/2/2021,14:32:10,-6.40782260894775,-6.40782260894775,-6.40782260894775,-6.40782260894775,-6.40782260894775,-6.40782260894775,-6.40782260894775,-6.40782260894775,-6.40782260894775,-6.40782260894775,-6.40782260894775,-6.40782260894775,-6.40782260894775,-6.40782260894775
232,4,2/2/2021,14:32:20,-6.40782260894775,-6.40782260894775,-6.40782260894775,-6.40782260894775,-6.40782260894775,-6.40782260894775,-6.40782260894775,-6.40782260894775,-6.40782260894775,-6.40782260894775,-6.40782260894775,-6.40782260894775,-6.40782260894775,-6.40782260894775
233,4,2/2/2021,14:32:30,-6.40782260894775,-6.40782260894775,-6.40782260894775,-6.40782260894775,-6.40782260894775,-6.40782260894775,-6.40782260894775,-6.40782260894775,-6.40782260894775,-6.40782260894775,-6.40782260894775,-6.40782260894775,-6.40782260894775,-6.40782260894775
234,18,2/2/2021,14:29:40,-0.0175185352563858,-0.0175185352563858,-0.0175185352563858,-0.0175185352563858,-0.0175185352563858,-0.0175185352563858,-0.0175185352563858,-0.0175185352563858,-0.0175185352563858,-0.0175185352563858,-0.0175185352563858,-0.0175185352563858,-0.0175185352563858,-0.0175185352563858
235,18,2/2/2021,14:29:50,0.0151282818987966,0.0151282818987966,0.0151282818987966,0.0151282818987966,0.0151282818987966,0.0151282818987966,0.0151282818987966,0.0151282818987966,0.0151282818987966,0.0151282818987966,0.0151282818987966,0.0151282818987966,0.0151282818987966,0.0151282818987966
236,18,2/2/2021,14:30:00,0.0914047285914421,0.0914047285914421,0.0914047285914421,0.0914047285914421,0.0914047285914421,0.0914047285914421,0.0914047285914421,0.0914047285914421,0.0914047285914421,0.0914047285914421,0.0914047285914421,0.0914047285914421,0.0914047285914421,0.0914047285914421
237,18,2/2/2021,14:30:10,0.0508127436041832,0.0508127436041832,0.0508127436041832,0.0508127436041832,0.0508127436041832,0.0508127436041832,0.0508127436041832,0.0508127436041832,0.0508127436041832,0.0508127436041832,0.0508127436041832,0.0508127436041832,0.0508127436041832,0.0508127436041832
238,18,2/2/2021,14:30:20,0.00176072947215289,0.00176072947215289,0.00176072947215289,0.00176072947215289,0.00176072947215289,0.00176072947215289,0.00176072947215289,0.00176072947215289,0.00176072947215289,0.00176072947215289,0.00176072947215289,0.00176072947215289,0.00176072947215289,0.00176072947215289
239,18,2/2/2021,14:30:30,0.00378027674742043,0.00378027674742043,0.00378027674742043,0.00378027674742043,0.00378027674742043,0.00378027674742043,0.00378027674742043,0.00378027674742043,0.00378027674742043,0.00378027674742043,0.00378027674742043,0.00378027674742043,0.00378027674742043,0.00378027674742043
240,18,2/2/2021,14:30:40,-0.0825202316045761,-0.0825202316045761,-0.0825202316045761,-0.0825202316045761,-0.0825202316045761,-0.0825202316045761,-0.0825202316045761,-0.0825202316045761,-0.0825202316045761,-0.0825202316045761,-0.0825202316045761,-0.0825202316045761,-0.0825202316045761,-0.0825202316045761
241,18,2/2/2021,14:30:50,0.0411451496183872,0.0411451496183872,0.0411451496183872,0.0411451496183872,0.0411451496183872,0.0411451496183872,0.0411451496183872,0.0411451496183872,0.0411451496183872,0.0411451496183872,0.0411451496183872,0.0411451496183872,0.0411451496183872,0.0411451496183872
242,18,2/2/2021,14:31:00,0.171655431389809,0.171655431389809,0.171655431389809,0.171655431389809,0.171655431389809,0.171655431389809,0.171655431389809,0.171655431389809,0.171655431389809,0.171655431389809,0.171655431389809,0.171655431389809,0.171655431389809,0.171655431389809
243,18,2/2/2021,14:31:10,0.0231460258364677,0.0231460258364677,0.0231460258364677,0.0231460258364677,0.0231460258364677,0.0231460258364677,0.0231460258364677,0.0231460258364677,0.0231460258364677,0.0231460258364677,0.0231460258364677,0.0231460258364677,0.0231460258364677,0.0231460258364677
244,18,2/2/2021,14:31:20,0.0412492267787457,0.0412492267787457,0.0412492267787457,0.0412492267787457,0.0412492267787457,0.0412492267787457,0.0412492267787457,0.0412492267787457,0.0412492267787457,0.0412492267787457,0.0412492267787457,0.0412492267787457,0.0412492267787457,0.0412492267787457
245,18,2/2/2021,14:31:30,0.0440276823937893,0.0440276823937893,0.0440276823937893,0.0440276823937893,0.0440276823937893,0.0440276823937893,0.0440276823937893,0.0440276823937893,0.0440276823937893,0.0440276823937893,0.0440276823937893,0.0440276823937893,0.0440276823937893,0.0440276823937893
246,18,2/2/2021,14:31:40,-0.0442709028720856,-0.0442709028720856,-0.0442709028720856,-0.0442709028720856,-0.0442709028720856,-0.0442709028720856,-0.0442709028720856,-0.0442709028720856,-0.0442709028720856,-0.0442709028720856,-0.0442709028720856,-0.0442709028720856,-0.0442709028720856,-0.0442709028720856
247,18,2/2/2021,14:31:50,-0.0613257735967636,-0.0613257735967636,-0.0613257735967636,-0.0613257735967636,-0.0613257735967636,-0.0613257735967636,-0.0613257735967636,-0.0613257735967636,-0.0613257735967636,-0.0613257735967636,-0.0613257735967636,-0.0613257735967636,-0.0613257735967636,-0.0613257735967636
248,18,2/2/2021,14:32:00,0.0221464820206165,0.0221464820206165,0.0221464820206165,0.0221464820206165,0.0221464820206165,0.0221464820206165,0.0221464820206165,0.0221464820206165,0.0221464820206165,0.0221464820206165,0.0221464820206165,0.0221464820206165,0.0221464820206165,0.0221464820206165
249,18,2/2/2021,14:32:10,-0.128222569823265,-0.128222569823265,-0.128222569823265,-0.128222569823265,-0.128222569823265,-0.128222569823265,-0.128222569823265,-0.128222569823265,-0.128222569823265,-0.128222569823265,-0.128222569823265,-0.128222569823265,-0.128222569823265,-0.128222569823265
250,18,2/2/2021,14:32:20,-0.174817994236946,-0.174817994236946,-0.174817994236946,-0.174817994236946,-0.174817994236946,-0.174817994236946,-0.174817994236946,-0.174817994236946,-0.174817994236946,-0.174817994236946,-0.174817994236946,-0.174817994236946,-0.174817994236946,-0.174817994236946
251,18,2/2/2021,14:32:30,-0.135869428515434,-0.135869428515434,-0.135869428515434,-0.135869428515434,-0.135869428515434,-0.135869428515434,-0.135869428515434,-0.135869428515434,-0.135869428515434,-0.135869428515434,-0.135869428515434,-0.135869428515434,-0.135869428515434,-0.135869428515434
252,3,2/2/2021,14:29:40,0,0,0,0,0,0,0,0,0,0,0,0,0,0
253,3,2/2/2021,14:29:50,0,0,0,0,0,0,0,0,0,0,0,0,0,0
254,3,2/2/2021,14:30:00,0,0,0,0,0,0,0,0,0,0,0,0,0,0
255,3,2/2/2021,14:30:10,0,0,0,0,0,0,0,0,0,0,0,0,0,0
256,3,2/2/2021,14:30:20,0,0,0,0,0,0,0,0,0,0,0,0,0,0
257,3,2/2/2021,14:30:30,0,0,0,0,0,0,0,0,0,0,0,0,0,0
258,3,2/2/2021,14:30:40,0,0,0,0,0,0,0,0,0,0,0,0,0,0
259,3,2/2/2021,14:30:50,0,0,0,0,0,0,0,0,0,0,0,0,0,0
260,3,2/2/2021,14:31:00,0,0,0,0,0,0,0,0,0,0,0,0,0,0
261,3,2/2/2021,14:31:10,0,0,0,0,0,0,0,0,0,0,0,0,0,0
262,3,2/2/2021,14:31:20,0,0,0,0,0,0,0,0,0,0,0,0,0,0
263,3,2/2/2021,14:31:30,0,0,0,0,0,0,0,0,0,0,0,0,0,0
264,3,2/2/2021,14:31:40,0,0,0,0,0,0,0,0,0,0,0,0,0,0
265,3,2/2/2021,14:31:50,0,0,0,0,0,0,0,0,0,0,0,0,0,0
266,3,2/2/2021,14:32:00,0,0,0,0,0,0,0,0,0,0,0,0,0,0
267,3,2/2/2021,14:32:10,0,0,0,0,0,0,0,0,0,0,0,0,0,0
268,3,2/2/2021,14:32:20,0,0,0,0,0,0,0,0,0,0,0,0,0,0
269,3,2/2/2021,14:32:30,0,0,0,0,0,0,0,0,0,0,0,0,0,0
270,10,2/2/2021,14:29:40,0,0,0,0,0,0,0,0,0,0,0,0,0,0
271,10,2/2/2021,14:29:50,0,0,0,0,0,0,0,0,0,0,0,0,0,0
272,10,2/2/2021,14:30:00,0,0,0,0,0,0,0,0,0,0,0,0,0,0
273,10,2/2/2021,14:30:10,0,0,0,0,0,0,0,0,0,0,0,0,0,0
274,10,2/2/2021,14:30:20,0,0,0,0,0,0,0,0,0,0,0,0,0,0
275,10,2/2/2021,14:30:30,0,0,0,0,0,0,0,0,0,0,0,0,0,0
276,10,2/2/2021,14:30:40,0,0,0,0,0,0,0,0,0,0,0,0,0,0
277,10,2/2/2021,14:30:50,0,0,0,0,0,0,0,0,0,0,0,0,0,0
278,10,2/2/2021,14:31:00,0,0,0,0,0,0,0,0,0,0,0,0,0,0
279,10,2/2/2021,14:31:10,0,0,0,0,0,0,0,0,0,0,0,0,0,0
280,10,2/2/2021,14:31:20,0,0,0,0,0,0,0,0,0,0,0,0,0,0
281,10,2/2/2021,14:31:30,0,0,0,0,0,0,0,0,0,0,0,0,0,0
282,10,2/2/2021,14:31:40,0,0,0,0,0,0,0,0,0,0,0,0,0,0
283,10,2/2/2021,14:31:50,0,0,0,0,0,0,0,0,0,0,0,0,0,0
284,10,2/2/2021,14:32:00,0,0,0,0,0,0,0,0,0,0,0,0,0,0
285,10,2/2/2021,14:32:10,0,0,0,0,0,0,0,0,0,0,0,0,0,0
286,10,2/2/2021,14:32:20,0,0,0,0,0,0,0,0,0,0,0,0,0,0
287,10,2/2/2021,14:32:30,0,0,0,0,0,0,0,0,0,0,0,0,0,0
288,15,2/2/2021,14:29:40,0,0,0,0,0,0,0,0,0,0,0,0,0,0
289,15,2/2/2021,14:29:50,0,0,0,0,0,0,0,0,0,0,0,0,0,0
290,15,2/2/2021,14:30:00,0,0,0,0,0,0,0,0,0,0,0,0,0,0
291,15,2/2/2021,14:30:10,0,0,0,0,0,0,0,0,0,0,0,0,0,0
292,15,2/2/2021,14:30:20,0,0,0,0,0,0,0,0,0,0,0,0,0,0
293,15,2/2/2021,14:30:30,0,0,0,0,0,0,0,0,0,0,0,0,0,0
294,15,2/2/2021,14:30:40,0,0,0,0,0,0,0,0,0,0,0,0,0,0
295,15,2/2/2021,14:30:50,0,0,0,0,0,0,0,0,0,0,0,0,0,0
296,15,2/2/2021,14:31:00,0,0,0,0,0,0,0,0,0,0,0,0,0,0
297,15,2/2/2021,14:31:10,0,0,0,0,0,0,0,0,0,0,0,0,0,0
298,15,2/2/2021,14:31:20,0,0,0,0,0,0,0,0,0,0,0,0,0,0
299,15,2/2/2021,14:31:30,0,0,0,0,0,0,0,0,0,0,0,0,0,0
300,15,2/2/2021,14:31:40,0,0,0,0,0,0,0,0,0,0,0,0,0,0
301,15,2/2/2021,14:31:50,0,0,0,0,0,0,0,0,0,0,0,0,0,0
302,15,2/2/2021,14:32:00,0,0,0,0,0,0,0,0,0,0,0,0,0,0
303,15,2/2/2021,14:32:10,0,0,0,0,0,0,0,0,0,0,0,0,0,0
304,15,2/2/2021,14:32:20,0,0,0,0,0,0,0,0,0,0,0,0,0,0
305,15,2/2/2021,14:32:30,0,0,0,0,0,0,0,0,0,0,0,0,0,0
